student_id,career_success_score
STU_010001,63.552516265990334
STU_010002,65.11578097281244
STU_010003,69.62021604003962
STU_010004,98.50375238844299
STU_010005,70.80777002645414
STU_010006,78.83982298031788
STU_010007,76.02982781971673
STU_010008,80.31390561190756
STU_010009,72.40020851136569
STU_010010,48.91598037905533
STU_010011,85.0898116086887
STU_010012,77.87195532029159
STU_010013,84.371619035805
STU_010014,83.58573296723603
STU_010015,58.530264005042454
STU_010016,69.44938062494066
STU_010017,60.685522019264226
STU_010018,58.95717951500478
STU_010019,79.59098897973672
STU_010020,74.35550151712391
STU_010021,81.13827295675264
STU_010022,87.38734474020839
STU_010023,92.73185127888291
STU_010024,73.23322803826636
STU_010025,75.46011008784603
STU_010026,80.70613821547659
STU_010027,73.86969484404653
STU_010028,84.64056107271836
STU_010029,95.35272271069164
STU_010030,65.88032439094877
STU_010031,73.94597213418956
STU_010032,90.65290204844291
STU_010033,67.75035133342794
STU_010034,88.06154232349127
STU_010035,79.03302478872206
STU_010036,69.07780082440809
STU_010037,68.9931595835103
STU_010038,90.33895575616862
STU_010039,69.00005151500204
STU_010040,83.60384576278648
STU_010041,88.74064547365481
STU_010042,64.23256703186962
STU_010043,82.92879618919255
STU_010044,67.64999065985057
STU_010045,85.94492904637855
STU_010046,64.69556253437781
STU_010047,72.99240355159759
STU_010048,91.63665638136217
STU_010049,45.561042518022305
STU_010050,58.052571212126395
STU_010051,76.49603097350769
STU_010052,66.40790314622564
STU_010053,64.43645444951835
STU_010054,66.4616551628726
STU_010055,64.7830531606819
STU_010056,69.28939935293101
STU_010057,63.7167404922327
STU_010058,98.75317965446368
STU_010059,88.4702887332412
STU_010060,75.15836133114658
STU_010061,36.48385465962156
STU_010062,73.70093851102206
STU_010063,69.27890113786384
STU_010064,85.19376640406267
STU_010065,60.800883308527546
STU_010066,68.20902311108853
STU_010067,87.40935274465755
STU_010068,62.90312506439773
STU_010069,70.78570662715538
STU_010070,50.32671110683577
STU_010071,86.71629211623235
STU_010072,72.03557983894234
STU_010073,95.97751428485299
STU_010074,63.41224205965864
STU_010075,81.43525501095769
STU_010076,89.75633733857092
STU_010077,83.82815961127699
STU_010078,83.35521399244499
STU_010079,84.34868513369429
STU_010080,82.41401260015346
STU_010081,65.03522627613256
STU_010082,80.87840828136837
STU_010083,78.24393069300845
STU_010084,71.34906564709468
STU_010085,71.06656981561514
STU_010086,80.32401648239829
STU_010087,68.60642134716682
STU_010088,75.76362196184027
STU_010089,81.32101674903242
STU_010090,74.16096229400159
STU_010091,63.24862864391184
STU_010092,73.59443513750534
STU_010093,70.77054920953356
STU_010094,81.65038074063364
STU_010095,59.40470802173718
STU_010096,80.87316293168851
STU_010097,75.34758687734097
STU_010098,82.93189181203365
STU_010099,74.76517887588511
STU_010100,69.71758235168863
STU_010101,75.42712920287522
STU_010102,69.94861519268534
STU_010103,90.35391597091063
STU_010104,50.0651838222891
STU_010105,96.81869407958618
STU_010106,53.30012981715686
STU_010107,83.94051649634025
STU_010108,79.76966619993732
STU_010109,73.27542040702633
STU_010110,81.4128343579439
STU_010111,83.24071896478267
STU_010112,87.8148632556381
STU_010113,67.84317947188742
STU_010114,82.04837622433888
STU_010115,74.22834128966952
STU_010116,86.24898708897535
STU_010117,74.4384397364986
STU_010118,86.03107060993011
STU_010119,69.01783259861486
STU_010120,66.23000968668907
STU_010121,80.70161664893794
STU_010122,74.45721859586752
STU_010123,87.18460297213915
STU_010124,73.36766917233467
STU_010125,88.54357061193491
STU_010126,74.47665638303533
STU_010127,62.20773805254021
STU_010128,82.74852686320196
STU_010129,80.92185154456365
STU_010130,72.76936649509366
STU_010131,64.8137848152162
STU_010132,73.15022881662412
STU_010133,80.64549247939863
STU_010134,71.4827616985358
STU_010135,41.02804821686959
STU_010136,66.77288132952776
STU_010137,64.60973973887099
STU_010138,80.55516296474138
STU_010139,76.4607073171992
STU_010140,81.1489856457963
STU_010141,64.46644150753013
STU_010142,89.15402544620918
STU_010143,72.81926952831418
STU_010144,78.77253045997054
STU_010145,95.25377575273069
STU_010146,75.98026960010702
STU_010147,64.45985157384143
STU_010148,64.81884691377559
STU_010149,66.89581734986518
STU_010150,93.11073811941048
STU_010151,71.2809866638579
STU_010152,90.33262017660024
STU_010153,77.42221922743829
STU_010154,79.59392215935804
STU_010155,71.3630814373521
STU_010156,85.83601445444924
STU_010157,109.24785044075134
STU_010158,74.30281961612855
STU_010159,83.55917427486429
STU_010160,71.66628878560687
STU_010161,93.61225878860182
STU_010162,103.74663206574985
STU_010163,79.24242243318531
STU_010164,81.99297211344765
STU_010165,72.34934036674963
STU_010166,86.22631252470251
STU_010167,85.07378493125861
STU_010168,76.59278203354688
STU_010169,69.86849693003023
STU_010170,81.13886855528176
STU_010171,69.79086916061851
STU_010172,98.29350711865425
STU_010173,70.14796766837549
STU_010174,74.55412499247291
STU_010175,76.81176537339365
STU_010176,68.02812812372895
STU_010177,94.6386361257571
STU_010178,77.59635245138475
STU_010179,79.30368529356542
STU_010180,80.6428580800432
STU_010181,71.68836742929693
STU_010182,72.21207135558416
STU_010183,75.54038257473576
STU_010184,78.99719579003067
STU_010185,66.50094739625774
STU_010186,83.24999246420475
STU_010187,65.44565721757635
STU_010188,87.49924769933455
STU_010189,74.58772217066007
STU_010190,64.40784576263604
STU_010191,54.014211586014426
STU_010192,77.89783784831752
STU_010193,63.96307518597109
STU_010194,74.36713343535484
STU_010195,75.66384045140944
STU_010196,69.0854638112371
STU_010197,74.23000392073209
STU_010198,80.05949372358782
STU_010199,92.8994350690615
STU_010200,70.87940964240624
STU_010201,91.3806499028758
STU_010202,78.10459086584751
STU_010203,68.34884897290544
STU_010204,94.27993907493169
STU_010205,85.26144159579667
STU_010206,82.0227200855361
STU_010207,57.75515503885981
STU_010208,65.93960793543101
STU_010209,69.91596114545837
STU_010210,82.30421455708029
STU_010211,77.48704559197199
STU_010212,94.50348064502828
STU_010213,86.66261056199892
STU_010214,71.58772590821104
STU_010215,75.59343822870028
STU_010216,61.239323426299734
STU_010217,77.28553992104116
STU_010218,52.648995571524665
STU_010219,80.30577349412602
STU_010220,67.45609080876761
STU_010221,73.15498999166289
STU_010222,65.10998488793643
STU_010223,67.66427121575043
STU_010224,100.00049516874992
STU_010225,64.80098687294799
STU_010226,86.26246657219235
STU_010227,62.14333538981714
STU_010228,94.1776383213969
STU_010229,77.55851952625949
STU_010230,65.56124920173397
STU_010231,60.298557484496996
STU_010232,89.71428579400742
STU_010233,63.266084947054196
STU_010234,81.84702079289377
STU_010235,44.93327531363184
STU_010236,90.02121749006608
STU_010237,87.14565982939644
STU_010238,75.12408297954198
STU_010239,49.62383793646495
STU_010240,73.49115588934842
STU_010241,84.28948597592967
STU_010242,77.46785127123258
STU_010243,66.99350867895305
STU_010244,85.14799817414769
STU_010245,64.3055465007792
STU_010246,47.64719978778362
STU_010247,87.38129203174822
STU_010248,79.72189523060047
STU_010249,70.87877644725654
STU_010250,89.11428511175984
STU_010251,77.47597347885107
STU_010252,113.08077962313064
STU_010253,65.57919761695257
STU_010254,92.29070990944456
STU_010255,65.23656633026212
STU_010256,61.060749868933044
STU_010257,81.16641277566623
STU_010258,82.82050643245907
STU_010259,81.76784539975847
STU_010260,63.84678686107691
STU_010261,65.18859732762121
STU_010262,52.577092475412655
STU_010263,51.774424805220406
STU_010264,98.36479377320427
STU_010265,72.18973755987668
STU_010266,79.4262435318442
STU_010267,60.887573660173075
STU_010268,84.61906485261215
STU_010269,70.80823756897416
STU_010270,86.17232761892274
STU_010271,79.76260673813908
STU_010272,58.99660357165999
STU_010273,78.51015699850564
STU_010274,72.92782121871323
STU_010275,88.3857803577016
STU_010276,63.26395885335478
STU_010277,82.1108405623911
STU_010278,76.70445955385708
STU_010279,68.71100397373516
STU_010280,65.71099613074716
STU_010281,63.115794287207564
STU_010282,62.6115838874905
STU_010283,91.36728328765162
STU_010284,75.57852905676327
STU_010285,61.10462474599194
STU_010286,80.31313558098896
STU_010287,83.36260922639963
STU_010288,61.093295610229006
STU_010289,56.106150837197674
STU_010290,85.34023519659263
STU_010291,41.3438435566502
STU_010292,75.619331332294
STU_010293,69.55160426586849
STU_010294,67.35355300196352
STU_010295,75.05883653199317
STU_010296,84.07220743888979
STU_010297,79.5517845211582
STU_010298,84.1336741238058
STU_010299,86.45291066313371
STU_010300,67.60167691096308
STU_010301,79.93893351581869
STU_010302,79.56768427834209
STU_010303,75.33103898646391
STU_010304,61.245254704627996
STU_010305,74.93987295030024
STU_010306,66.85771552985875
STU_010307,69.27221123760614
STU_010308,74.31034893175388
STU_010309,67.9145352984849
STU_010310,60.14239916883207
STU_010311,60.013922366776114
STU_010312,78.712488843237
STU_010313,78.1946075683536
STU_010314,84.09614310090501
STU_010315,84.41455227884876
STU_010316,82.15747432971784
STU_010317,82.57574534419791
STU_010318,73.92342351079287
STU_010319,86.14059595282197
STU_010320,88.83933100040656
STU_010321,70.51642596048919
STU_010322,90.02048265409258
STU_010323,76.15761117736997
STU_010324,90.83725835707708
STU_010325,90.70705448880767
STU_010326,77.38204005735042
STU_010327,68.62333766113443
STU_010328,85.06847227967069
STU_010329,88.59946016473896
STU_010330,91.61559019290746
STU_010331,95.02433183095206
STU_010332,60.22669293116792
STU_010333,102.49160557151401
STU_010334,77.74217656432347
STU_010335,86.14445901476802
STU_010336,64.78878204918465
STU_010337,64.26996258198164
STU_010338,78.62931427120611
STU_010339,76.31175543033032
STU_010340,68.77587992391932
STU_010341,84.44430320594506
STU_010342,61.27883697690686
STU_010343,59.26996667259937
STU_010344,79.97134992593669
STU_010345,74.41840371705462
STU_010346,91.02634496622704
STU_010347,54.59018305782547
STU_010348,67.91432419659964
STU_010349,84.34597120300145
STU_010350,84.58676525649389
STU_010351,77.36922640428406
STU_010352,70.15435301669504
STU_010353,98.47983847892772
STU_010354,71.85800640031425
STU_010355,80.58401902034416
STU_010356,87.43546967937095
STU_010357,85.21061171561382
STU_010358,73.15054939214656
STU_010359,63.6862227017466
STU_010360,71.79451036565979
STU_010361,90.47016334812452
STU_010362,75.02560668843239
STU_010363,78.67505603719269
STU_010364,97.35924858438341
STU_010365,83.00112774113677
STU_010366,94.51530409214047
STU_010367,75.33711171048412
STU_010368,62.64859553763472
STU_010369,92.5289864301235
STU_010370,81.79000351131549
STU_010371,75.2116768173712
STU_010372,78.53759786980072
STU_010373,77.87632212011727
STU_010374,79.82926005373338
STU_010375,93.61033736590775
STU_010376,60.37711198991474
STU_010377,70.71239530684488
STU_010378,71.14713776451026
STU_010379,76.45215637667593
STU_010380,65.6304683274177
STU_010381,64.73098168307956
STU_010382,86.51095543135284
STU_010383,79.49253705901742
STU_010384,80.26949709893529
STU_010385,81.16629327264104
STU_010386,70.72486007326665
STU_010387,69.94479202682055
STU_010388,87.5114555882767
STU_010389,68.61040114316893
STU_010390,67.35299938278081
STU_010391,54.84343303450942
STU_010392,77.94129188827037
STU_010393,79.79426042185332
STU_010394,74.570024076442
STU_010395,80.0195754572037
STU_010396,81.3141522105027
STU_010397,83.54899661249897
STU_010398,85.98415002744241
STU_010399,64.15037631641144
STU_010400,78.5193007449202
STU_010401,50.63577408528886
STU_010402,71.29405967386856
STU_010403,74.4114466894107
STU_010404,87.01078156911808
STU_010405,77.00104853172547
STU_010406,73.86045762343178
STU_010407,86.69185657129128
STU_010408,66.7914871007822
STU_010409,95.01221186047837
STU_010410,70.78399089434697
STU_010411,93.52499164865151
STU_010412,91.58663083932868
STU_010413,87.46317895259108
STU_010414,81.82458968693186
STU_010415,90.0821143264576
STU_010416,78.01274827039379
STU_010417,101.95714090654985
STU_010418,73.02640674750319
STU_010419,92.39439374202732
STU_010420,84.77110633053644
STU_010421,79.99006314980534
STU_010422,75.03371193459634
STU_010423,76.56812829305818
STU_010424,48.37947204622674
STU_010425,56.017332502001636
STU_010426,79.21382824098146
STU_010427,60.57002552984909
STU_010428,71.1760325159612
STU_010429,55.66381883784288
STU_010430,84.71646178362698
STU_010431,56.01226195719141
STU_010432,72.63281655257401
STU_010433,74.76944582994065
STU_010434,88.59270875530478
STU_010435,60.16317870394187
STU_010436,74.00509358555405
STU_010437,58.82257731048048
STU_010438,95.68913511352127
STU_010439,73.17015513528395
STU_010440,80.22176604539254
STU_010441,66.9185890615995
STU_010442,71.18334745354105
STU_010443,78.30305530555643
STU_010444,71.72360182094258
STU_010445,71.22648937309395
STU_010446,50.79081280719515
STU_010447,82.71673770258849
STU_010448,71.388523095437
STU_010449,73.36165801057814
STU_010450,56.642846042808515
STU_010451,93.96604978944117
STU_010452,84.22073696836605
STU_010453,78.83784900984824
STU_010454,72.52604101389124
STU_010455,58.87403288257656
STU_010456,86.07816932435276
STU_010457,77.0551912612857
STU_010458,81.92951584008279
STU_010459,73.22170836683176
STU_010460,68.33499213553682
STU_010461,70.26866826446098
STU_010462,63.953893719459984
STU_010463,83.87234102536013
STU_010464,87.72112089530424
STU_010465,60.90370204532201
STU_010466,70.67356886966991
STU_010467,77.3839533801704
STU_010468,73.51808007020804
STU_010469,80.00787329497211
STU_010470,69.1060754483492
STU_010471,97.60968100018715
STU_010472,58.24453723063107
STU_010473,89.53927702864166
STU_010474,82.07707043605114
STU_010475,75.15724817793534
STU_010476,76.45887849619635
STU_010477,69.89469834963597
STU_010478,89.91877411178712
STU_010479,66.01161405332869
STU_010480,66.91937442451808
STU_010481,57.734690786617875
STU_010482,74.91900423987977
STU_010483,94.75554583437895
STU_010484,67.86132197090683
STU_010485,50.98930514295762
STU_010486,73.19695458289812
STU_010487,98.63812010144716
STU_010488,81.80452058298852
STU_010489,78.89353527331946
STU_010490,76.37741304996848
STU_010491,79.25581169354109
STU_010492,76.37162207536721
STU_010493,77.877160508629
STU_010494,62.78176948244936
STU_010495,45.125269865344535
STU_010496,89.25152616448929
STU_010497,69.085624725338
STU_010498,71.58938765357834
STU_010499,69.11717211207792
STU_010500,72.88581284891961
STU_010501,73.88774504467347
STU_010502,73.29672724960983
STU_010503,77.32846187074188
STU_010504,70.9489878491604
STU_010505,65.36207374210471
STU_010506,84.33410170104275
STU_010507,67.93452058010826
STU_010508,64.70851162564668
STU_010509,82.22904284614515
STU_010510,55.67403140339184
STU_010511,57.6459852343753
STU_010512,70.13330719782562
STU_010513,90.09503641889762
STU_010514,79.24821145148826
STU_010515,80.46832240596837
STU_010516,82.04347246069301
STU_010517,97.4264859535964
STU_010518,53.414301595389134
STU_010519,87.94682702208479
STU_010520,81.14265616408989
STU_010521,86.20134385009646
STU_010522,71.59287551151579
STU_010523,84.18786456347584
STU_010524,85.96581145019013
STU_010525,72.87215380001317
STU_010526,64.89476347121422
STU_010527,86.41302640371441
STU_010528,81.25227616962115
STU_010529,53.92878880906301
STU_010530,74.853476730073
STU_010531,63.44984471869179
STU_010532,57.764772629562685
STU_010533,78.24427552461066
STU_010534,82.54271579517626
STU_010535,81.16422310028838
STU_010536,76.2768135943968
STU_010537,77.29548066193547
STU_010538,72.36005015045907
STU_010539,67.71209505972183
STU_010540,56.89146438311445
STU_010541,80.5030987903283
STU_010542,101.09677230984062
STU_010543,76.56239367596686
STU_010544,75.06428170746335
STU_010545,79.26666582961616
STU_010546,74.14295196376679
STU_010547,86.19307600368506
STU_010548,100.64110171587924
STU_010549,66.20860321685473
STU_010550,77.16436376633646
STU_010551,67.69462989093063
STU_010552,84.86275381928522
STU_010553,95.84429461674756
STU_010554,85.09401917011064
STU_010555,75.21699713756675
STU_010556,62.56457099018394
STU_010557,76.67350828520216
STU_010558,77.91669517346327
STU_010559,70.81340236655728
STU_010560,79.87896952413439
STU_010561,92.65798644138033
STU_010562,63.41433461131487
STU_010563,56.742938496948454
STU_010564,70.30316620694612
STU_010565,87.03045023482946
STU_010566,66.95417172837529
STU_010567,77.53462157388412
STU_010568,81.71957502476971
STU_010569,90.48807264867776
STU_010570,65.41037011692015
STU_010571,88.08814674814766
STU_010572,73.57063689810911
STU_010573,88.90132234386135
STU_010574,72.83298294902261
STU_010575,59.86893576803254
STU_010576,62.65049539699885
STU_010577,66.12034878609825
STU_010578,72.849165809248
STU_010579,81.44560405048333
STU_010580,68.80475369643091
STU_010581,51.02229912564076
STU_010582,70.10750282528579
STU_010583,76.87743533240882
STU_010584,94.03324533995931
STU_010585,75.23090101098887
STU_010586,97.1434958735623
STU_010587,78.16623706272412
STU_010588,75.64811062755393
STU_010589,88.99117507572964
STU_010590,87.76645675004829
STU_010591,70.22204455671795
STU_010592,97.85734005508027
STU_010593,83.93565313856243
STU_010594,54.61716864675782
STU_010595,82.8298694296493
STU_010596,70.07823981418301
STU_010597,62.60634879281997
STU_010598,82.90706794861262
STU_010599,66.07847720860445
STU_010600,68.99692608188411
STU_010601,82.65041700416077
STU_010602,72.21706720845737
STU_010603,79.53970941701527
STU_010604,70.53862487630659
STU_010605,60.61561553867773
STU_010606,85.83760724462263
STU_010607,85.9338161114581
STU_010608,67.35437798716248
STU_010609,75.68195100439743
STU_010610,80.38256599763122
STU_010611,82.71904309812135
STU_010612,49.055730454424975
STU_010613,94.4000948178059
STU_010614,114.56558449199235
STU_010615,80.79211100143061
STU_010616,88.7615252436492
STU_010617,63.60124926053459
STU_010618,79.09167990092033
STU_010619,97.61132471068754
STU_010620,71.60000041592139
STU_010621,75.01841874401703
STU_010622,61.88152722575933
STU_010623,85.46336263765443
STU_010624,69.43583085805699
STU_010625,71.92759972394856
STU_010626,81.39273878363383
STU_010627,84.55462840042833
STU_010628,65.07504253742877
STU_010629,78.54460006771296
STU_010630,80.61297416710909
STU_010631,91.97058731588118
STU_010632,74.85446237155156
STU_010633,78.12164141954668
STU_010634,75.440270775307
STU_010635,68.23103739871135
STU_010636,83.49854409255954
STU_010637,72.60352026899864
STU_010638,76.44774068307083
STU_010639,69.0919895832269
STU_010640,65.97763515534416
STU_010641,72.25622049810636
STU_010642,86.87823428295451
STU_010643,87.85448122569028
STU_010644,69.76323569363285
STU_010645,78.53512319750848
STU_010646,94.13404600613876
STU_010647,78.22729956806756
STU_010648,76.80850516594842
STU_010649,81.10235448861681
STU_010650,83.59439662165983
STU_010651,81.46494130635347
STU_010652,70.27593602972343
STU_010653,82.15584865469418
STU_010654,85.51997028255778
STU_010655,86.76858190114285
STU_010656,73.04161398779365
STU_010657,77.48940079756676
STU_010658,70.06941290673262
STU_010659,88.03979320275357
STU_010660,91.61075282733111
STU_010661,72.73080414554875
STU_010662,94.07520176876994
STU_010663,74.14725822858463
STU_010664,71.56925654033853
STU_010665,67.04284546996064
STU_010666,92.76396712004316
STU_010667,81.75551700881488
STU_010668,60.066436772090356
STU_010669,76.26401044811382
STU_010670,88.28389257275421
STU_010671,65.61827283783668
STU_010672,60.11254361746751
STU_010673,86.28112701285045
STU_010674,91.4846643456757
STU_010675,82.82057893681917
STU_010676,74.41717042884625
STU_010677,78.60175003173526
STU_010678,72.60593268339608
STU_010679,69.75117468446751
STU_010680,84.52709364792031
STU_010681,84.35639661521873
STU_010682,57.45110245010733
STU_010683,69.95130498088292
STU_010684,77.9513790768251
STU_010685,87.89832222002224
STU_010686,78.24531701152296
STU_010687,67.76100226874814
STU_010688,90.79522577435671
STU_010689,82.649977419155
STU_010690,102.42410209719435
STU_010691,77.46134631440691
STU_010692,79.26635493314734
STU_010693,70.45112333145289
STU_010694,67.70839261645028
STU_010695,58.99183814582898
STU_010696,63.63527067816494
STU_010697,71.2032907669518
STU_010698,86.39111859360332
STU_010699,77.44591444122739
STU_010700,84.4903343371625
STU_010701,86.2969403142497
STU_010702,72.7534922589507
STU_010703,93.79769096086522
STU_010704,99.4201078366051
STU_010705,76.82435435357093
STU_010706,81.43142108088114
STU_010707,80.41711986919813
STU_010708,81.88106754429327
STU_010709,66.27642950113204
STU_010710,51.53858894266318
STU_010711,99.0968105427279
STU_010712,54.71083661432431
STU_010713,88.58297527114621
STU_010714,72.55233151248444
STU_010715,82.32269051503863
STU_010716,62.80993186149317
STU_010717,91.41206535600497
STU_010718,81.60182566980143
STU_010719,80.08057643728125
STU_010720,55.6777340453466
STU_010721,72.07460377158918
STU_010722,101.86140819988293
STU_010723,73.7965603922737
STU_010724,82.57214680626657
STU_010725,66.41874691157591
STU_010726,70.95514776611321
STU_010727,56.99957848007898
STU_010728,72.96330714387159
STU_010729,88.41427939762661
STU_010730,92.61930627515676
STU_010731,73.43428537375576
STU_010732,74.19810742503955
STU_010733,93.16976437395283
STU_010734,83.04958523114442
STU_010735,72.0881204041957
STU_010736,67.18271972402749
STU_010737,61.41274893599871
STU_010738,69.47047454086419
STU_010739,74.96344393332765
STU_010740,69.50993914668334
STU_010741,77.78284577047248
STU_010742,66.24984872921345
STU_010743,97.10155593828983
STU_010744,76.0723123962839
STU_010745,67.79357513939817
STU_010746,69.43438312441504
STU_010747,87.43255971876306
STU_010748,70.01979740197908
STU_010749,83.21696830751807
STU_010750,81.35537720458865
STU_010751,74.79608994542696
STU_010752,69.94289008585929
STU_010753,76.1199889425493
STU_010754,75.10895903039341
STU_010755,68.7157826067762
STU_010756,85.44350702063525
STU_010757,58.76512017523078
STU_010758,78.93329071783023
STU_010759,82.7151278854194
STU_010760,80.18805395700565
STU_010761,75.861957707383
STU_010762,76.98415091605852
STU_010763,66.25560858362792
STU_010764,61.35928652552184
STU_010765,81.86415471573105
STU_010766,64.63381135687246
STU_010767,77.63001421559602
STU_010768,56.82429078295422
STU_010769,91.9635248315891
STU_010770,68.06298516602419
STU_010771,41.41943933714674
STU_010772,72.81985837505135
STU_010773,86.87957037634533
STU_010774,87.17613532858468
STU_010775,98.24037441159783
STU_010776,45.35124948684779
STU_010777,80.74904110333455
STU_010778,64.7471378208204
STU_010779,69.60686819004627
STU_010780,83.19876600346947
STU_010781,78.5097826435142
STU_010782,81.04090413704785
STU_010783,52.24563684721761
STU_010784,74.24689912886925
STU_010785,80.6111983406006
STU_010786,69.45126959923368
STU_010787,72.9547158401922
STU_010788,76.78898836755343
STU_010789,91.47944310126002
STU_010790,57.49902722443653
STU_010791,63.27559837556123
STU_010792,84.36583428188123
STU_010793,85.56496030707945
STU_010794,68.20941397145702
STU_010795,77.22879028537636
STU_010796,78.94698386966411
STU_010797,57.82101294049812
STU_010798,64.50182067742912
STU_010799,88.17748377922112
STU_010800,66.7493026201098
STU_010801,64.69921168908331
STU_010802,80.00149214899625
STU_010803,79.6198100403094
STU_010804,51.504175173643034
STU_010805,73.48766490117623
STU_010806,85.43805081199957
STU_010807,93.68178355922862
STU_010808,69.54178228981141
STU_010809,101.03216561178533
STU_010810,86.57097213280394
STU_010811,70.92988367197836
STU_010812,80.00910441321344
STU_010813,90.80071385467534
STU_010814,72.01842099983514
STU_010815,84.06918989042424
STU_010816,98.23256077180736
STU_010817,87.85425537057085
STU_010818,85.2917402312205
STU_010819,80.91910035135675
STU_010820,91.52954955798702
STU_010821,100.97575614256925
STU_010822,58.38081787854662
STU_010823,84.68493794301025
STU_010824,89.8045232063563
STU_010825,82.26761624790834
STU_010826,81.95891881804482
STU_010827,63.87564031280249
STU_010828,74.27995120646278
STU_010829,73.30895319479532
STU_010830,76.31268824704807
STU_010831,87.31111405902311
STU_010832,95.59721413676266
STU_010833,80.59924292874871
STU_010834,76.57874679901397
STU_010835,85.71461152001098
STU_010836,82.5447569590749
STU_010837,70.92185879083172
STU_010838,87.17062009369306
STU_010839,67.38540153999315
STU_010840,86.96744719109961
STU_010841,83.06272087518778
STU_010842,88.32693219171028
STU_010843,71.68817871478586
STU_010844,58.450320012492966
STU_010845,88.842977135762
STU_010846,80.86668353652658
STU_010847,102.55339651886936
STU_010848,73.16333420321621
STU_010849,77.66936162714501
STU_010850,61.368291940542576
STU_010851,87.02082406209774
STU_010852,63.9139290444848
STU_010853,84.2190035007045
STU_010854,87.41902483602053
STU_010855,72.94770142326388
STU_010856,51.16677999910098
STU_010857,65.71001299263617
STU_010858,57.92390869604151
STU_010859,72.76338531221654
STU_010860,92.29771514638423
STU_010861,72.10911246986052
STU_010862,68.16189678529167
STU_010863,69.36303818499528
STU_010864,84.02569002387804
STU_010865,79.97647077657325
STU_010866,92.80284955007653
STU_010867,57.172989886574896
STU_010868,68.2921954756871
STU_010869,82.35900533909171
STU_010870,68.69155386760985
STU_010871,91.25388002250133
STU_010872,82.53720025475809
STU_010873,44.47879314266629
STU_010874,73.55024248922018
STU_010875,80.5709446611811
STU_010876,74.06232394094945
STU_010877,73.10795553671596
STU_010878,74.15776839965997
STU_010879,69.46541277005554
STU_010880,82.68359129307896
STU_010881,90.28266013943755
STU_010882,76.0441428526965
STU_010883,82.75211269224928
STU_010884,67.09090904580012
STU_010885,68.14516478086557
STU_010886,97.66831430197692
STU_010887,65.46396043322102
STU_010888,79.33228563297325
STU_010889,91.1625623710022
STU_010890,75.9861036482148
STU_010891,90.45449998985475
STU_010892,85.38622752789911
STU_010893,74.23440918247616
STU_010894,85.57500651965029
STU_010895,74.72807906065827
STU_010896,82.6773653775499
STU_010897,76.24229867172653
STU_010898,82.27310506829849
STU_010899,61.06987559179538
STU_010900,73.79239992864632
STU_010901,65.71323694980128
STU_010902,96.96838124806584
STU_010903,61.41448276017468
STU_010904,72.87387664825883
STU_010905,65.56329687014772
STU_010906,57.04266937993634
STU_010907,87.6793533940554
STU_010908,91.66736152022486
STU_010909,79.63066784399757
STU_010910,80.10002725007666
STU_010911,80.87509410921825
STU_010912,87.0487101791266
STU_010913,79.8498166620675
STU_010914,93.89983500383994
STU_010915,80.36602410014325
STU_010916,71.72077177217284
STU_010917,80.5519580880914
STU_010918,76.8770658545568
STU_010919,83.89424930752921
STU_010920,75.75470257615916
STU_010921,75.22273886783773
STU_010922,76.44965372338902
STU_010923,84.28888669559183
STU_010924,86.85252645661808
STU_010925,64.21490385573134
STU_010926,88.05789353549903
STU_010927,59.44254731584101
STU_010928,75.84493267984499
STU_010929,71.38304593564021
STU_010930,93.30084620414584
STU_010931,76.82119814263433
STU_010932,87.55379793857469
STU_010933,74.99830962555848
STU_010934,84.41920129162781
STU_010935,73.49002808322462
STU_010936,71.40971712676401
STU_010937,71.30991618021312
STU_010938,63.39430778402243
STU_010939,82.73471270032155
STU_010940,53.7371920133744
STU_010941,87.4825287819624
STU_010942,82.95052387163082
STU_010943,64.63802037823962
STU_010944,61.34899782645698
STU_010945,74.47308477861407
STU_010946,81.85270852254712
STU_010947,75.51387051479901
STU_010948,86.59748893352958
STU_010949,89.8010490982922
STU_010950,68.357271599368
STU_010951,66.94753351795362
STU_010952,64.89517023257531
STU_010953,85.0431030609202
STU_010954,58.735562755877254
STU_010955,67.35372027715584
STU_010956,96.2882111802005
STU_010957,84.06702662444536
STU_010958,73.0224397502709
STU_010959,84.34048664140528
STU_010960,85.34833123037629
STU_010961,81.05771100560673
STU_010962,83.86756874932576
STU_010963,71.82729827206185
STU_010964,74.77085822739741
STU_010965,71.86673377128
STU_010966,54.00934751760292
STU_010967,75.440111658673
STU_010968,70.96912513857797
STU_010969,66.78306979119088
STU_010970,83.35842720489768
STU_010971,73.266301692164
STU_010972,77.65471675591925
STU_010973,76.52357326963352
STU_010974,67.24174640270962
STU_010975,76.59950190272798
STU_010976,77.11464845272508
STU_010977,83.06502939701409
STU_010978,91.45862575082447
STU_010979,75.18840813650309
STU_010980,75.91750139625788
STU_010981,83.05546589536038
STU_010982,71.25404335808298
STU_010983,77.90318110228782
STU_010984,81.0548782104513
STU_010985,60.35440742327978
STU_010986,91.82842507807527
STU_010987,88.97385339352797
STU_010988,69.83937509663178
STU_010989,85.55756871914923
STU_010990,76.2930445244665
STU_010991,60.96886561675592
STU_010992,85.08286929430983
STU_010993,76.27893003898134
STU_010994,79.62387041626403
STU_010995,103.60466569200639
STU_010996,64.97219950371823
STU_010997,68.30860799217862
STU_010998,69.58461308907044
STU_010999,65.33078011472685
STU_011000,78.44837825513582
STU_011001,61.74821264350612
STU_011002,79.23975585488847
STU_011003,62.50175642709087
STU_011004,81.7886040076753
STU_011005,72.62295080606691
STU_011006,80.53213457635024
STU_011007,71.3913737362484
STU_011008,78.32489869777623
STU_011009,88.15203830463065
STU_011010,96.72909482222144
STU_011011,69.80949569081827
STU_011012,76.18513880617229
STU_011013,53.259535843836375
STU_011014,64.986779690297
STU_011015,88.52730643825942
STU_011016,69.69100761099025
STU_011017,68.67147674780085
STU_011018,85.82387553254239
STU_011019,64.18249363333643
STU_011020,88.35394712400785
STU_011021,58.91299772886896
STU_011022,81.34932824148996
STU_011023,73.89851329666544
STU_011024,79.94101165034454
STU_011025,69.29150950887765
STU_011026,78.83685694346218
STU_011027,72.47720813222213
STU_011028,90.785022757089
STU_011029,85.12871933676024
STU_011030,61.85758678817797
STU_011031,59.58991419982567
STU_011032,51.76270856325095
STU_011033,63.69159546303854
STU_011034,81.574295844777
STU_011035,80.64956365777857
STU_011036,96.91054940493211
STU_011037,88.91370113174605
STU_011038,87.53268284255932
STU_011039,66.16844095108195
STU_011040,79.80301924566402
STU_011041,56.7894262442112
STU_011042,68.29617332949624
STU_011043,66.35305179899456
STU_011044,59.08762072734612
STU_011045,96.91661064529978
STU_011046,79.41182613382671
STU_011047,81.11010402203351
STU_011048,66.4342278985348
STU_011049,87.22678444235112
STU_011050,70.64192296978649
STU_011051,96.45015513661292
STU_011052,98.67443201004096
STU_011053,58.874793172366935
STU_011054,73.3549217153452
STU_011055,65.05295642937813
STU_011056,55.45794916950399
STU_011057,84.13185898596976
STU_011058,100.51322999463548
STU_011059,99.42569627973023
STU_011060,69.55891675203179
STU_011061,71.38365738881794
STU_011062,66.76857790647477
STU_011063,81.01841264194172
STU_011064,69.65728467867848
STU_011065,73.70737817321515
STU_011066,67.56411628794604
STU_011067,90.6284811410111
STU_011068,93.00728780982718
STU_011069,85.81163609531609
STU_011070,68.24855947267088
STU_011071,89.80223023975782
STU_011072,93.14225399718032
STU_011073,81.74313898368564
STU_011074,86.58032244051765
STU_011075,66.49904999800856
STU_011076,91.73700144252939
STU_011077,73.63192716401682
STU_011078,66.5466155738111
STU_011079,69.94014598419608
STU_011080,65.28732589719311
STU_011081,84.02660891223604
STU_011082,64.99760378636097
STU_011083,96.54504489176145
STU_011084,72.94455397873321
STU_011085,86.9981746179742
STU_011086,68.43558155933079
STU_011087,73.75396445492356
STU_011088,76.005828405903
STU_011089,85.93669384714372
STU_011090,88.62375460481314
STU_011091,85.57927740312903
STU_011092,67.14776267142747
STU_011093,76.09277068032429
STU_011094,59.11490453039028
STU_011095,81.56076378512921
STU_011096,58.198747636909275
STU_011097,89.15959485656845
STU_011098,88.47903484723554
STU_011099,82.38608427651525
STU_011100,65.93905296702815
STU_011101,64.2391906613991
STU_011102,80.39245105568102
STU_011103,72.00947052106153
STU_011104,89.51313131688289
STU_011105,75.51758249256068
STU_011106,77.74042263737624
STU_011107,67.9546250351525
STU_011108,85.06569558942056
STU_011109,87.90943446487836
STU_011110,93.46088216837632
STU_011111,75.2788649616432
STU_011112,77.01563013547525
STU_011113,80.53929085282243
STU_011114,93.52535060284879
STU_011115,96.11242726019634
STU_011116,72.53257726338393
STU_011117,73.33881246790338
STU_011118,72.5092306890192
STU_011119,78.24393944469148
STU_011120,76.82505332798655
STU_011121,69.65195404990641
STU_011122,69.1631934923671
STU_011123,92.48608196201712
STU_011124,62.850996540130154
STU_011125,97.96931599555376
STU_011126,83.05095798344541
STU_011127,75.4915768602882
STU_011128,69.665311717745
STU_011129,87.82692211835092
STU_011130,64.0759716502871
STU_011131,87.39507552866371
STU_011132,77.952808071449
STU_011133,83.61715620612586
STU_011134,48.91359308144615
STU_011135,52.93166340334756
STU_011136,83.87462662941016
STU_011137,76.13431997375892
STU_011138,107.46156940121534
STU_011139,74.95545813805984
STU_011140,80.67241512839928
STU_011141,61.529938345860955
STU_011142,89.93186147290078
STU_011143,78.63735690087788
STU_011144,65.8728522723668
STU_011145,66.88158227901681
STU_011146,66.65782704403591
STU_011147,90.56531500587494
STU_011148,94.85935496660807
STU_011149,88.018766823438
STU_011150,83.47658894414235
STU_011151,96.38440428718695
STU_011152,61.71991217196228
STU_011153,74.1982752841152
STU_011154,75.67962663973958
STU_011155,69.7108272229982
STU_011156,74.71869234780684
STU_011157,61.05462183148552
STU_011158,66.61289646890918
STU_011159,69.10523646328352
STU_011160,61.747471969604476
STU_011161,90.10078020842695
STU_011162,72.37854746137646
STU_011163,72.9397702217666
STU_011164,82.49806766543884
STU_011165,74.88711652176357
STU_011166,76.6763680423469
STU_011167,67.83132811593646
STU_011168,78.52800428181922
STU_011169,87.4541262046771
STU_011170,66.89651680960219
STU_011171,69.2304696527458
STU_011172,89.68842448781038
STU_011173,94.97688870890067
STU_011174,74.8924847138835
STU_011175,67.68784302681411
STU_011176,81.39293875927137
STU_011177,72.22528071467627
STU_011178,86.54442443086987
STU_011179,78.55578256775516
STU_011180,69.99596247571185
STU_011181,80.36386847381232
STU_011182,97.07852306797713
STU_011183,63.44279595713533
STU_011184,88.95522770437981
STU_011185,81.24887565382551
STU_011186,41.882331043174645
STU_011187,77.35723596409343
STU_011188,76.22600858147166
STU_011189,40.167726343785944
STU_011190,80.8502099816917
STU_011191,97.55688301891814
STU_011192,83.73810536635801
STU_011193,77.43277045457467
STU_011194,91.3619362461069
STU_011195,77.19603123505226
STU_011196,80.64978688601536
STU_011197,89.78385316365711
STU_011198,79.34087114794625
STU_011199,88.73537265755681
STU_011200,76.28911512247373
STU_011201,52.38182553342995
STU_011202,67.43046401133938
STU_011203,74.59959191622238
STU_011204,85.26921103033578
STU_011205,85.95473326450406
STU_011206,78.89913192105973
STU_011207,70.6104573093719
STU_011208,75.58225361033578
STU_011209,74.16604760365135
STU_011210,72.76016535253348
STU_011211,73.99182197185837
STU_011212,71.89892909316245
STU_011213,88.48669301059465
STU_011214,51.830714644766886
STU_011215,86.5961820097225
STU_011216,59.86989347293866
STU_011217,100.08851982965928
STU_011218,73.90390903834486
STU_011219,79.3126473934019
STU_011220,66.69249497926603
STU_011221,85.70840466103618
STU_011222,83.80404325236032
STU_011223,75.1098056955991
STU_011224,103.72814802197274
STU_011225,49.50204236170066
STU_011226,78.72243660826894
STU_011227,66.71245539307438
STU_011228,91.72538709349465
STU_011229,84.4524065922999
STU_011230,73.59939008581546
STU_011231,89.96818736338662
STU_011232,83.77091441272182
STU_011233,67.23266172484205
STU_011234,79.3943821766054
STU_011235,88.63372564891688
STU_011236,76.18833578621093
STU_011237,63.632326824486654
STU_011238,68.42064096967215
STU_011239,86.92504185882581
STU_011240,84.93053498267545
STU_011241,98.63876122863167
STU_011242,68.2835800208361
STU_011243,69.26834575734802
STU_011244,57.349997924761055
STU_011245,74.86309758377229
STU_011246,79.10636372058184
STU_011247,86.0738879821904
STU_011248,69.85514918962099
STU_011249,75.42099285797008
STU_011250,69.21613592022118
STU_011251,77.8384027903578
STU_011252,79.3486422151941
STU_011253,78.6211135165056
STU_011254,92.97760376143765
STU_011255,79.06005590412269
STU_011256,75.40497453083503
STU_011257,53.7139289469219
STU_011258,78.22602893819635
STU_011259,79.32263393823928
STU_011260,103.38032016349064
STU_011261,63.380310132897876
STU_011262,84.86875714552275
STU_011263,67.09142098196571
STU_011264,51.911349250263356
STU_011265,78.46189551440807
STU_011266,75.4815352740984
STU_011267,88.38413961538254
STU_011268,73.78455561815076
STU_011269,85.90209142719232
STU_011270,77.77167270722248
STU_011271,74.33351409840589
STU_011272,85.31793036457066
STU_011273,79.34359398600373
STU_011274,85.3286453735891
STU_011275,70.2011285518945
STU_011276,84.71126997547503
STU_011277,72.87123551659761
STU_011278,70.60441478475514
STU_011279,93.32784750374992
STU_011280,83.75328578701101
STU_011281,73.18597226925158
STU_011282,83.40594086255896
STU_011283,70.29588100769274
STU_011284,68.14980805075152
STU_011285,85.03209319958978
STU_011286,73.65238472451551
STU_011287,74.78508852853997
STU_011288,70.51142886492516
STU_011289,67.62456645552402
STU_011290,75.22018037762746
STU_011291,81.6131999044544
STU_011292,48.80894446772845
STU_011293,89.49391888385026
STU_011294,77.52894876582172
STU_011295,81.16453126496958
STU_011296,90.31538735626452
STU_011297,73.46879350640597
STU_011298,63.56835905047478
STU_011299,80.89510572430754
STU_011300,94.33404389838688
STU_011301,104.38549057580553
STU_011302,78.18994444477698
STU_011303,81.89893996458522
STU_011304,86.16749916966683
STU_011305,76.36814976987853
STU_011306,77.83342212381922
STU_011307,57.381204376733194
STU_011308,60.84157500616266
STU_011309,83.64841486770706
STU_011310,58.5382380691824
STU_011311,84.89085455647182
STU_011312,64.71389088541173
STU_011313,89.12583404669499
STU_011314,58.61167810734082
STU_011315,86.01646200925961
STU_011316,63.867311035437524
STU_011317,72.30588590625757
STU_011318,68.47231134764479
STU_011319,79.56297004084581
STU_011320,67.57459875481754
STU_011321,87.23929278721721
STU_011322,65.57607358430005
STU_011323,55.483809788701365
STU_011324,65.99146436807928
STU_011325,63.716893936617
STU_011326,77.92040714299947
STU_011327,84.10282030518215
STU_011328,81.92466692559447
STU_011329,58.92446205746569
STU_011330,54.55935152096322
STU_011331,58.3807264674881
STU_011332,85.01299891621807
STU_011333,65.61015289701254
STU_011334,83.36973300527438
STU_011335,65.57244052803662
STU_011336,59.21778108445733
STU_011337,79.7898482918647
STU_011338,82.34728524089292
STU_011339,68.21180612323587
STU_011340,72.75006682944013
STU_011341,93.28440939204336
STU_011342,86.86385935075646
STU_011343,83.63075960337846
STU_011344,51.75289618637612
STU_011345,72.34828687226309
STU_011346,79.05357734756853
STU_011347,94.46236193643676
STU_011348,74.34357706944093
STU_011349,99.2539899864222
STU_011350,70.10767017411627
STU_011351,73.53118293218995
STU_011352,81.39372506679251
STU_011353,70.37964096971336
STU_011354,87.47937384710144
STU_011355,72.93541849894427
STU_011356,73.80436716653821
STU_011357,65.947298908942
STU_011358,89.7904638283087
STU_011359,97.57707924219403
STU_011360,106.13411506223213
STU_011361,76.38205288045447
STU_011362,82.78792986317376
STU_011363,102.34111878823967
STU_011364,79.83947899229338
STU_011365,69.2224014197368
STU_011366,82.43229879571845
STU_011367,71.851493352749
STU_011368,82.82478289713845
STU_011369,73.30309555661142
STU_011370,81.0535744399956
STU_011371,70.22647221552256
STU_011372,87.83457892205729
STU_011373,68.75041336314939
STU_011374,77.9716761653574
STU_011375,89.12116334176346
STU_011376,53.900699742106326
STU_011377,96.72993705985743
STU_011378,86.80344738853432
STU_011379,88.14374199007602
STU_011380,77.07789006246253
STU_011381,58.24530408723899
STU_011382,85.60046694418224
STU_011383,86.23967197294883
STU_011384,68.43152396775486
STU_011385,79.71872615741427
STU_011386,70.75098094478699
STU_011387,64.27471859588672
STU_011388,66.34008556111667
STU_011389,63.744650463135486
STU_011390,78.60234719652317
STU_011391,47.66844561939183
STU_011392,73.02205238352258
STU_011393,71.48822099083873
STU_011394,78.52552570044645
STU_011395,81.84352635560344
STU_011396,85.75388713490383
STU_011397,69.95268398918529
STU_011398,99.20632907661115
STU_011399,78.82589072934275
STU_011400,76.13801693412006
STU_011401,74.87087213413656
STU_011402,79.80845375454942
STU_011403,77.64825475561474
STU_011404,97.52522775313037
STU_011405,83.98580948227777
STU_011406,91.21272359810996
STU_011407,93.2149759097839
STU_011408,81.977643449379
STU_011409,85.48831652652711
STU_011410,76.84211319016754
STU_011411,88.44253695573673
STU_011412,76.73463780396514
STU_011413,69.05469681174168
STU_011414,95.00259960440542
STU_011415,74.3272906897023
STU_011416,87.68476120155538
STU_011417,78.4528036079314
STU_011418,59.98411935350782
STU_011419,71.10607281694456
STU_011420,85.50397255368466
STU_011421,87.91744178827776
STU_011422,75.04694846306916
STU_011423,68.22232458970507
STU_011424,71.90067876782427
STU_011425,70.14216674292243
STU_011426,108.95174876858971
STU_011427,58.8035927032804
STU_011428,93.00515456576125
STU_011429,72.37884430890676
STU_011430,75.00421080011392
STU_011431,83.0205317836087
STU_011432,70.1504515561528
STU_011433,88.83927277060809
STU_011434,93.65113383460096
STU_011435,72.39093657810827
STU_011436,89.28439888617129
STU_011437,53.04989700179908
STU_011438,66.47970285298493
STU_011439,75.87052342252059
STU_011440,73.94988296362249
STU_011441,76.80313299231875
STU_011442,76.93196848347907
STU_011443,77.35454044896005
STU_011444,80.7847070196508
STU_011445,69.67473199953679
STU_011446,66.83600159237471
STU_011447,88.10588060137707
STU_011448,61.319055427498824
STU_011449,69.90341878433674
STU_011450,77.22102289608506
STU_011451,78.11806597697523
STU_011452,69.3579745137406
STU_011453,70.55441223900903
STU_011454,64.73478091070456
STU_011455,45.506535332448266
STU_011456,90.284997007735
STU_011457,71.30939248977734
STU_011458,88.57689397441959
STU_011459,74.73485874579478
STU_011460,78.61241800840708
STU_011461,76.60626209122029
STU_011462,85.40284849149884
STU_011463,79.47277939705214
STU_011464,72.03349881609961
STU_011465,71.77664936831047
STU_011466,82.69893777730658
STU_011467,80.53102589484865
STU_011468,69.99441770745875
STU_011469,75.8211317517837
STU_011470,83.7825613778216
STU_011471,69.3426676975248
STU_011472,70.16822317914989
STU_011473,75.0174741176861
STU_011474,90.02193879958327
STU_011475,88.63137961680968
STU_011476,86.69448932806927
STU_011477,92.9194399827785
STU_011478,46.299747821811934
STU_011479,67.17024644064168
STU_011480,97.74407073108125
STU_011481,68.51056587000267
STU_011482,61.61008333054542
STU_011483,88.25371739581442
STU_011484,79.6385103540872
STU_011485,81.09494255879144
STU_011486,67.12311865670586
STU_011487,78.09975103186002
STU_011488,71.83452395299719
STU_011489,69.9271303432281
STU_011490,80.84533106159779
STU_011491,65.80919424914077
STU_011492,76.62396075520223
STU_011493,92.36359161388066
STU_011494,83.32938001435332
STU_011495,82.89547561080576
STU_011496,95.79409449076229
STU_011497,79.40567490461399
STU_011498,80.56678813304893
STU_011499,78.56564536432688
STU_011500,78.28056819141648
STU_011501,65.78541359844189
STU_011502,50.67438253866749
STU_011503,81.58509782894362
STU_011504,62.31634229027668
STU_011505,72.54141744757862
STU_011506,63.83502738441575
STU_011507,73.81199082636294
STU_011508,80.34930120612626
STU_011509,69.84270255810566
STU_011510,87.37271086000919
STU_011511,91.02520590697816
STU_011512,47.42115506304572
STU_011513,77.59863987518725
STU_011514,82.65756162626803
STU_011515,65.09392106260907
STU_011516,80.09112402463734
STU_011517,86.83602063494573
STU_011518,102.3648588487149
STU_011519,52.35875660427246
STU_011520,53.90960318405382
STU_011521,50.282492242712806
STU_011522,104.10953938931505
STU_011523,81.5039196245416
STU_011524,89.96048029775523
STU_011525,101.3080190786228
STU_011526,80.30418781863477
STU_011527,83.04544890120178
STU_011528,87.29208374947711
STU_011529,82.9126218801157
STU_011530,61.93160357521651
STU_011531,81.13187741006595
STU_011532,76.98794215548241
STU_011533,71.8493930696286
STU_011534,75.41422174782042
STU_011535,68.87192945335391
STU_011536,65.29288369353844
STU_011537,44.66437944321024
STU_011538,74.95935826019513
STU_011539,70.09054486006107
STU_011540,69.00531275550293
STU_011541,81.3353768063646
STU_011542,64.62988720589146
STU_011543,80.09923817646586
STU_011544,78.81378103011389
STU_011545,89.45415930290812
STU_011546,63.24846532895822
STU_011547,85.87210717850121
STU_011548,84.67540340803384
STU_011549,65.05652604410625
STU_011550,79.4657059795179
STU_011551,72.88871916709536
STU_011552,56.94751097913604
STU_011553,77.73929713266057
STU_011554,84.51081750979142
STU_011555,80.74072603541413
STU_011556,96.4805074909101
STU_011557,65.55250591918161
STU_011558,106.35482564273468
STU_011559,92.70555416260675
STU_011560,97.68278382734866
STU_011561,69.0112922687581
STU_011562,93.41224166547761
STU_011563,90.43549299039364
STU_011564,62.58870385849127
STU_011565,78.20806079598515
STU_011566,70.75658852975471
STU_011567,64.67291007017207
STU_011568,56.86965068794643
STU_011569,77.48805155314994
STU_011570,97.46493925198592
STU_011571,78.08271125236024
STU_011572,86.62714868773219
STU_011573,71.51969125134474
STU_011574,76.14611314413924
STU_011575,74.93390564595188
STU_011576,73.40669002128652
STU_011577,69.86716085157036
STU_011578,65.86477143948741
STU_011579,74.044057288565
STU_011580,93.26157201047226
STU_011581,64.00179953004613
STU_011582,83.65452899486786
STU_011583,69.9670494910813
STU_011584,81.59793815625244
STU_011585,80.19181314715024
STU_011586,76.6267513064106
STU_011587,85.2611313919349
STU_011588,91.84811060589959
STU_011589,84.33103248023872
STU_011590,75.81784952829548
STU_011591,64.05684011046537
STU_011592,90.02083151532065
STU_011593,71.40179153360918
STU_011594,102.66907803929962
STU_011595,85.21357772646479
STU_011596,80.9730961662051
STU_011597,71.52361589863062
STU_011598,85.09404024152286
STU_011599,65.46654457376508
STU_011600,57.397264837064995
STU_011601,79.8529753703765
STU_011602,85.35938629152542
STU_011603,67.96583426196344
STU_011604,82.78805532428646
STU_011605,82.048087803008
STU_011606,65.7890174604222
STU_011607,98.32897738025463
STU_011608,96.20873955764387
STU_011609,70.39310828757993
STU_011610,78.47197883394506
STU_011611,49.32934206395771
STU_011612,72.4281027217969
STU_011613,62.17619582228053
STU_011614,64.64791768070631
STU_011615,84.98005171952445
STU_011616,84.97578060963133
STU_011617,70.63818021296515
STU_011618,76.50468465926838
STU_011619,80.77282138618443
STU_011620,62.30492636562985
STU_011621,72.5545434988046
STU_011622,78.81674012404483
STU_011623,57.15353385103185
STU_011624,86.82852943391799
STU_011625,100.9852961720294
STU_011626,83.98755855845934
STU_011627,69.6328120599635
STU_011628,67.24156959084871
STU_011629,70.67673918358628
STU_011630,100.45579653493417
STU_011631,63.924383688834496
STU_011632,62.927725180271864
STU_011633,95.92644934479733
STU_011634,49.53526662604554
STU_011635,91.63496561930253
STU_011636,68.81392141912102
STU_011637,71.34227938105232
STU_011638,78.92353117440621
STU_011639,81.9141909055163
STU_011640,89.63500180567644
STU_011641,72.15637951214126
STU_011642,77.48121255344677
STU_011643,61.91537839181751
STU_011644,90.1785264580227
STU_011645,92.62504087603327
STU_011646,76.31472584752714
STU_011647,76.31653819845178
STU_011648,72.25976350440033
STU_011649,86.43732580868459
STU_011650,90.31655558502905
STU_011651,73.02003269552279
STU_011652,70.07035798614493
STU_011653,101.54439541362751
STU_011654,66.70255252024663
STU_011655,72.5201407922707
STU_011656,64.02609887870767
STU_011657,38.67521289208935
STU_011658,94.18975943041517
STU_011659,67.1898184646152
STU_011660,80.65423125406915
STU_011661,100.54764992670653
STU_011662,81.1765266794464
STU_011663,85.34038819805119
STU_011664,90.21548009784146
STU_011665,69.19544007474701
STU_011666,70.78695997531986
STU_011667,56.03931767770496
STU_011668,77.10916186299664
STU_011669,63.53825836867509
STU_011670,91.43831436224161
STU_011671,73.30986066676974
STU_011672,88.82223778656885
STU_011673,70.09135845393212
STU_011674,62.07026182920231
STU_011675,80.68838828411572
STU_011676,76.32575059256055
STU_011677,81.06047515007549
STU_011678,57.415088275538665
STU_011679,91.22567844491175
STU_011680,82.4039191623342
STU_011681,91.35651873134907
STU_011682,48.48528457609723
STU_011683,74.91279904422117
STU_011684,66.19365461805637
STU_011685,62.34733581101432
STU_011686,76.07236699537088
STU_011687,83.27399581424515
STU_011688,88.05140617946108
STU_011689,76.54960550339638
STU_011690,78.83186493706921
STU_011691,88.67598947232932
STU_011692,81.19506240916098
STU_011693,80.95428552526573
STU_011694,89.60029077147294
STU_011695,92.7707570978763
STU_011696,83.71194651670817
STU_011697,73.88376172471817
STU_011698,75.22264704289637
STU_011699,84.39181709940362
STU_011700,58.7404926335646
STU_011701,80.46265413804326
STU_011702,83.25556080204137
STU_011703,91.01523795773869
STU_011704,74.92439954241922
STU_011705,79.71730499187674
STU_011706,89.54519794307703
STU_011707,74.96190462228606
STU_011708,74.96504649138728
STU_011709,84.82529997131633
STU_011710,83.15714848631023
STU_011711,81.11781514025552
STU_011712,59.073231881132415
STU_011713,88.52165749838719
STU_011714,79.51372884885359
STU_011715,84.55327957547138
STU_011716,78.07254025463226
STU_011717,73.27448624659883
STU_011718,80.82576791567021
STU_011719,78.91326166746535
STU_011720,88.98201110195157
STU_011721,64.31200723781262
STU_011722,60.77757417304474
STU_011723,74.21798210490488
STU_011724,87.16995446213878
STU_011725,77.62033838396178
STU_011726,59.60443762936143
STU_011727,60.66434765465078
STU_011728,59.966638508668666
STU_011729,72.08047478817889
STU_011730,75.24770423453629
STU_011731,98.68762629195203
STU_011732,82.82533849081915
STU_011733,82.77320524688253
STU_011734,94.12618365853166
STU_011735,84.06017212580286
STU_011736,68.63292937100164
STU_011737,65.18830161201618
STU_011738,83.72256852670944
STU_011739,80.49596528644906
STU_011740,77.97002203342186
STU_011741,75.48383800288457
STU_011742,69.70691581070105
STU_011743,64.20525179411266
STU_011744,73.98471073229052
STU_011745,67.75692243493017
STU_011746,74.25594647966705
STU_011747,84.94758261798461
STU_011748,74.32706084811662
STU_011749,73.11703305041738
STU_011750,99.69769962613782
STU_011751,70.14663744963718
STU_011752,69.94040787692984
STU_011753,55.318195507245036
STU_011754,81.7073307577275
STU_011755,78.28585102311172
STU_011756,81.09031717551147
STU_011757,79.28812441318314
STU_011758,97.20995446912934
STU_011759,69.63664357173138
STU_011760,85.03882155155952
STU_011761,88.28983611163562
STU_011762,78.10947329516648
STU_011763,77.06956299949593
STU_011764,65.21833714919285
STU_011765,84.75379704980469
STU_011766,45.33151604500654
STU_011767,61.13583016055122
STU_011768,91.46922429443953
STU_011769,66.84025079690878
STU_011770,90.18454814659663
STU_011771,64.57288602460017
STU_011772,55.877479536780356
STU_011773,63.38123547060377
STU_011774,66.43100881840837
STU_011775,77.70571674349185
STU_011776,66.44787896050252
STU_011777,79.93904103644581
STU_011778,89.12040865452707
STU_011779,79.04439044735955
STU_011780,78.74746979074143
STU_011781,66.94243253356444
STU_011782,84.5409584365616
STU_011783,73.42258345197865
STU_011784,72.03176421903822
STU_011785,69.4027622142305
STU_011786,82.32710346568092
STU_011787,66.12459251801442
STU_011788,74.17549092504441
STU_011789,68.8524401243094
STU_011790,83.0355806912687
STU_011791,87.62516824549994
STU_011792,81.35761473664547
STU_011793,64.80560482202031
STU_011794,51.18969145494725
STU_011795,66.03148135197193
STU_011796,88.83279030829021
STU_011797,69.13542127536061
STU_011798,66.16826409976329
STU_011799,99.9163906373293
STU_011800,77.57811284577451
STU_011801,87.96995804136509
STU_011802,90.58175857367553
STU_011803,67.38539275306175
STU_011804,71.22760528300591
STU_011805,72.17764610192921
STU_011806,73.96065941461416
STU_011807,84.99680156010868
STU_011808,90.41609135582632
STU_011809,87.66303378974453
STU_011810,88.86387604713855
STU_011811,85.71923535370274
STU_011812,70.22947273519821
STU_011813,75.69265701603899
STU_011814,86.18258531715423
STU_011815,69.61738646540675
STU_011816,78.16053691921047
STU_011817,86.77949893664504
STU_011818,79.2058043625484
STU_011819,78.32356378814188
STU_011820,73.23456450773028
STU_011821,79.47806295399732
STU_011822,99.97707076299048
STU_011823,74.17172988991183
STU_011824,72.73159985045345
STU_011825,78.46634577709688
STU_011826,68.8562571073146
STU_011827,76.62767460429404
STU_011828,67.40339088244627
STU_011829,80.67794934556287
STU_011830,69.20690533500829
STU_011831,66.09557481267188
STU_011832,72.03554637349657
STU_011833,70.81776775804406
STU_011834,66.37392213681346
STU_011835,79.35098171825348
STU_011836,77.16411401857158
STU_011837,67.93940286715952
STU_011838,67.647699449941
STU_011839,84.3921143185828
STU_011840,84.32708568694284
STU_011841,76.90693698448376
STU_011842,50.83641991768377
STU_011843,61.193287031831915
STU_011844,82.12965788825068
STU_011845,74.49797681166001
STU_011846,84.17099708342266
STU_011847,73.74734887322529
STU_011848,94.88958448653977
STU_011849,69.18224794653997
STU_011850,72.31688518974715
STU_011851,89.18998613880296
STU_011852,83.00062115470064
STU_011853,86.81972484255039
STU_011854,73.07451236987322
STU_011855,86.28379159105361
STU_011856,77.89475189455175
STU_011857,80.47209607785067
STU_011858,84.37495174452852
STU_011859,78.1467780802434
STU_011860,79.10083825139327
STU_011861,66.56881524935625
STU_011862,74.77467886921477
STU_011863,98.1632424295675
STU_011864,52.456248876957716
STU_011865,82.02268743794798
STU_011866,68.55658126139679
STU_011867,82.4862167644103
STU_011868,85.92353990590254
STU_011869,71.6794369169927
STU_011870,86.99903969227057
STU_011871,71.10329865448466
STU_011872,63.75124583073898
STU_011873,81.16262804714756
STU_011874,64.3278724278291
STU_011875,57.54949719903652
STU_011876,78.31354399142901
STU_011877,82.13492318100361
STU_011878,61.505144576261046
STU_011879,80.46500132130268
STU_011880,61.77927556943632
STU_011881,62.040159607098985
STU_011882,85.03524062605652
STU_011883,60.758493433090734
STU_011884,73.40420960808251
STU_011885,66.03267965969553
STU_011886,75.51394702028279
STU_011887,79.21433395584313
STU_011888,83.67598841831932
STU_011889,48.54063804792236
STU_011890,59.84980926607909
STU_011891,80.29998158669446
STU_011892,98.72215599618335
STU_011893,90.72282875582187
STU_011894,71.00333097977932
STU_011895,93.09476382476566
STU_011896,64.63711786405042
STU_011897,67.6180479409361
STU_011898,105.05427776287956
STU_011899,60.015329440868754
STU_011900,84.32452766080769
STU_011901,81.13686192903947
STU_011902,53.950290262874205
STU_011903,74.78386056554837
STU_011904,77.83201056794292
STU_011905,69.84145085768455
STU_011906,78.723111178615
STU_011907,82.58689578675762
STU_011908,90.13773705370579
STU_011909,60.25867231439088
STU_011910,81.96935776083592
STU_011911,73.24125757357592
STU_011912,87.0216510358432
STU_011913,77.71335433737067
STU_011914,82.77778938346819
STU_011915,78.12229205514245
STU_011916,71.42447345914275
STU_011917,84.06639544565996
STU_011918,76.30024323813336
STU_011919,92.82404747715145
STU_011920,78.06683830459565
STU_011921,69.0216035339538
STU_011922,79.27743490276225
STU_011923,53.932696593324636
STU_011924,66.41574223193743
STU_011925,49.60362487782095
STU_011926,74.98537956163159
STU_011927,67.07047367862901
STU_011928,72.98037220078959
STU_011929,84.29641687194658
STU_011930,82.61200701971484
STU_011931,83.40935258382069
STU_011932,64.7925947870367
STU_011933,60.949527251904556
STU_011934,77.42926175259277
STU_011935,59.66007426128158
STU_011936,91.8860985680094
STU_011937,67.54137560772028
STU_011938,65.71101229228043
STU_011939,94.33267080584847
STU_011940,85.14843304636747
STU_011941,82.75173392696479
STU_011942,88.85174065453646
STU_011943,77.5114460038858
STU_011944,72.2196715135567
STU_011945,74.9245022650623
STU_011946,100.33147287606687
STU_011947,86.23383782283759
STU_011948,57.36771940620861
STU_011949,76.84569627133078
STU_011950,74.40124995038832
STU_011951,86.28662862912574
STU_011952,71.92143149739786
STU_011953,57.338075485185755
STU_011954,80.38433404212287
STU_011955,64.1545089346589
STU_011956,90.39469254990036
STU_011957,69.02313379954694
STU_011958,96.15339822163685
STU_011959,80.06432667229137
STU_011960,88.13622255287555
STU_011961,89.22391951159716
STU_011962,81.97127267226028
STU_011963,94.94393126462535
STU_011964,70.25077366352366
STU_011965,79.6840304657319
STU_011966,85.37421593173326
STU_011967,60.60683158569623
STU_011968,90.84735817737521
STU_011969,58.60422017553174
STU_011970,77.48075073964469
STU_011971,60.76864060051685
STU_011972,84.75355313191608
STU_011973,71.1676850959011
STU_011974,94.95803627043199
STU_011975,73.87597940618684
STU_011976,68.77319940337748
STU_011977,87.95315167545527
STU_011978,59.75483971048925
STU_011979,75.82752650005409
STU_011980,76.93228479080312
STU_011981,80.36859609034377
STU_011982,87.12272398540904
STU_011983,67.31755670962752
STU_011984,79.31380657080877
STU_011985,83.58251243997483
STU_011986,76.52741917762387
STU_011987,58.93920519703988
STU_011988,73.16784077853481
STU_011989,67.16228738028644
STU_011990,85.99245521714806
STU_011991,67.88811419573949
STU_011992,45.258509803963534
STU_011993,72.64964406733475
STU_011994,56.31993643856299
STU_011995,71.36577299919418
STU_011996,71.31180476889585
STU_011997,81.56369523701619
STU_011998,93.94213048996255
STU_011999,107.05317420915617
STU_012000,84.08062796108152
STU_012001,89.89227167807041
STU_012002,78.75640776458249
STU_012003,76.208330150356
STU_012004,67.74549481510917
STU_012005,78.6627223439989
STU_012006,94.8860017105336
STU_012007,65.29247416164571
STU_012008,81.22254147032709
STU_012009,65.27194032626312
STU_012010,42.76011409826219
STU_012011,64.13103138942006
STU_012012,76.81967835756836
STU_012013,70.35849119973795
STU_012014,58.50476117108792
STU_012015,72.18647743518477
STU_012016,57.856158699986736
STU_012017,75.76750967002658
STU_012018,88.91130302366935
STU_012019,93.66632048716576
STU_012020,64.5133938544459
STU_012021,68.5560634032131
STU_012022,73.16714750997426
STU_012023,74.92150554756063
STU_012024,91.37581507613322
STU_012025,85.41017161852415
STU_012026,57.03655162755854
STU_012027,91.92662918659528
STU_012028,86.653275602662
STU_012029,56.095273520120145
STU_012030,87.81046545808249
STU_012031,91.52934280661225
STU_012032,72.25744232799593
STU_012033,71.47025912034405
STU_012034,86.55224994373475
STU_012035,71.69166550070236
STU_012036,63.712062110030956
STU_012037,77.79591168400634
STU_012038,64.99098326932358
STU_012039,73.18708810203907
STU_012040,90.60093732982875
STU_012041,75.89925129779317
STU_012042,83.33341298570758
STU_012043,67.69118302011452
STU_012044,72.06739531408152
STU_012045,49.50272806276803
STU_012046,77.86712066317864
STU_012047,97.32485014136921
STU_012048,50.16482641549919
STU_012049,77.31479293522966
STU_012050,78.38561906084988
STU_012051,33.92975932359877
STU_012052,84.89282274881975
STU_012053,82.99435836556472
STU_012054,68.20083749346713
STU_012055,83.19358221075095
STU_012056,85.41652350826644
STU_012057,81.80756704600321
STU_012058,63.66943129860488
STU_012059,57.86347104303081
STU_012060,77.52371371726395
STU_012061,61.9589957271985
STU_012062,87.660761320255
STU_012063,50.82821858482748
STU_012064,66.86511152368553
STU_012065,84.56760006248442
STU_012066,69.14178181577654
STU_012067,78.42247440224583
STU_012068,69.82889817793239
STU_012069,64.3366225068878
STU_012070,74.8201335509782
STU_012071,75.94923439023819
STU_012072,73.00459587621185
STU_012073,91.52015329611368
STU_012074,86.99233751449788
STU_012075,53.35342106530106
STU_012076,72.43136490593793
STU_012077,69.48171760154423
STU_012078,71.91566205114509
STU_012079,72.63009697856228
STU_012080,76.26420245386385
STU_012081,54.81942059458811
STU_012082,90.03600583604509
STU_012083,71.07758896155269
STU_012084,73.8051342518545
STU_012085,92.90862985142292
STU_012086,81.40878214198347
STU_012087,76.7777009644335
STU_012088,76.85347209834299
STU_012089,79.59521158708958
STU_012090,85.497911950853
STU_012091,86.97010429781767
STU_012092,75.69854725601658
STU_012093,82.15645558417123
STU_012094,86.42027575734619
STU_012095,64.66997001643608
STU_012096,78.3121328953257
STU_012097,76.22694635581479
STU_012098,60.95103753020885
STU_012099,77.18250307361836
STU_012100,93.11665920950009
STU_012101,83.855398999822
STU_012102,72.03315777701391
STU_012103,76.92203901676749
STU_012104,60.81693115230655
STU_012105,73.58157286228311
STU_012106,86.73832059182723
STU_012107,79.3174776150945
STU_012108,89.0687616017367
STU_012109,72.67305584052156
STU_012110,74.32035341559708
STU_012111,54.67648104018713
STU_012112,85.24919408794312
STU_012113,90.56602752688809
STU_012114,72.12163339455219
STU_012115,68.50335951786565
STU_012116,77.30335753895793
STU_012117,98.68833494762976
STU_012118,66.82298202156403
STU_012119,86.37677820520548
STU_012120,69.32513073440782
STU_012121,76.15582518945826
STU_012122,63.167558826995446
STU_012123,85.00951107720175
STU_012124,77.78756455681992
STU_012125,83.59116549364535
STU_012126,76.5044189909479
STU_012127,72.66204326043362
STU_012128,75.94241802013653
STU_012129,73.41825124149568
STU_012130,66.3827111794426
STU_012131,59.778438007410614
STU_012132,79.86156900809942
STU_012133,77.72575872575248
STU_012134,59.33629359902511
STU_012135,64.81346136762727
STU_012136,57.298532674966054
STU_012137,74.61270944075613
STU_012138,68.07508773462041
STU_012139,70.15799592425446
STU_012140,74.01132891968405
STU_012141,63.98435202608812
STU_012142,74.26993107650674
STU_012143,109.94328617475139
STU_012144,82.52525534702477
STU_012145,70.30104751940348
STU_012146,82.03111120688368
STU_012147,57.944354737042886
STU_012148,80.64958229681861
STU_012149,81.82869193437045
STU_012150,83.36480333403574
STU_012151,85.56726038043917
STU_012152,67.40635553302695
STU_012153,78.18453037229688
STU_012154,84.49074205070997
STU_012155,61.77822688098013
STU_012156,62.665731677856456
STU_012157,77.8620797381277
STU_012158,84.97616872324147
STU_012159,82.57809161720297
STU_012160,93.29714212301099
STU_012161,89.44234604612427
STU_012162,82.25415744824659
STU_012163,97.69063113033906
STU_012164,48.08021220861292
STU_012165,75.60451501052648
STU_012166,74.80878666151375
STU_012167,93.66438258080063
STU_012168,60.45184465108059
STU_012169,64.67738277035096
STU_012170,64.59489430948338
STU_012171,75.81218768108101
STU_012172,85.567352061556
STU_012173,84.79462499410079
STU_012174,83.39498296502211
STU_012175,77.46507687320354
STU_012176,72.15248417162456
STU_012177,78.72996338946109
STU_012178,90.67305403771263
STU_012179,68.95902974711476
STU_012180,80.61190840637687
STU_012181,90.02585604138324
STU_012182,77.10482440294322
STU_012183,80.71696176083037
STU_012184,77.42599031812347
STU_012185,73.4701507627808
STU_012186,83.62577829501629
STU_012187,54.079138514577835
STU_012188,63.91156151778546
STU_012189,68.49079243229676
STU_012190,84.85833472008267
STU_012191,69.75682584363994
STU_012192,71.36555659669853
STU_012193,69.0666254033265
STU_012194,82.28838638802767
STU_012195,69.70748649963957
STU_012196,53.51041123319351
STU_012197,86.68209763539562
STU_012198,65.46439143240423
STU_012199,78.24195775772819
STU_012200,50.92096377089547
STU_012201,79.61086610515736
STU_012202,81.7101489848908
STU_012203,89.84051247151899
STU_012204,66.28748315397138
STU_012205,74.80639125283892
STU_012206,84.99862432218129
STU_012207,99.13698265773371
STU_012208,75.36030155817048
STU_012209,56.730557104309355
STU_012210,74.36451726704854
STU_012211,74.62828821699554
STU_012212,71.06609114397884
STU_012213,84.97344025002394
STU_012214,66.93212128872574
STU_012215,65.2113825070503
STU_012216,79.96029180765458
STU_012217,88.32206534341026
STU_012218,95.60370595615609
STU_012219,72.59415263558958
STU_012220,57.246065798484324
STU_012221,77.03456505130384
STU_012222,71.19736368436043
STU_012223,71.4105963144666
STU_012224,71.63135062752417
STU_012225,85.96202071253788
STU_012226,75.38479482250955
STU_012227,76.80518226394724
STU_012228,64.71232553540767
STU_012229,84.1743118942868
STU_012230,92.72728688881921
STU_012231,71.76014034232549
STU_012232,78.9862548596791
STU_012233,82.51107470482862
STU_012234,67.86097424203217
STU_012235,70.56222414279137
STU_012236,99.75289648625096
STU_012237,66.4715727507321
STU_012238,69.87943134234229
STU_012239,71.3563316154864
STU_012240,79.58631476524965
STU_012241,78.57146352636687
STU_012242,73.46973547042217
STU_012243,53.89983583246999
STU_012244,54.5895353571791
STU_012245,71.09777003112731
STU_012246,69.88669523433418
STU_012247,57.542286473675404
STU_012248,83.57960111132388
STU_012249,82.00927203225024
STU_012250,83.09531593978431
STU_012251,72.3954686546715
STU_012252,63.449404024120895
STU_012253,66.35110989906366
STU_012254,55.84003655917968
STU_012255,79.14895127486557
STU_012256,73.18737331246984
STU_012257,76.88455428935686
STU_012258,70.53655306109954
STU_012259,82.18071563152989
STU_012260,90.73364808279905
STU_012261,81.40948660475101
STU_012262,82.7229497270041
STU_012263,67.9937188637125
STU_012264,68.51972966828271
STU_012265,64.63623352626519
STU_012266,91.14513595622498
STU_012267,89.28318712742282
STU_012268,55.792295640487964
STU_012269,77.95174317031206
STU_012270,71.79116862061323
STU_012271,73.45160638334937
STU_012272,71.14383108360562
STU_012273,70.82898911320103
STU_012274,71.97737149150771
STU_012275,83.9776516104273
STU_012276,68.33432598419472
STU_012277,76.67876055484521
STU_012278,65.6673173147849
STU_012279,73.51487004220849
STU_012280,73.8651656429738
STU_012281,51.18927800956703
STU_012282,91.32953957821303
STU_012283,88.50415383717245
STU_012284,66.18814253733763
STU_012285,75.08809725878541
STU_012286,74.40562830692397
STU_012287,89.92531639852484
STU_012288,79.02731816151322
STU_012289,84.28999588951137
STU_012290,81.45738077526516
STU_012291,70.89362627504738
STU_012292,83.43800453872836
STU_012293,75.73160219733609
STU_012294,85.50909260254548
STU_012295,76.81626889351696
STU_012296,79.27971076401309
STU_012297,72.03038306668236
STU_012298,75.63707749539708
STU_012299,80.59043657836469
STU_012300,53.18149443832317
STU_012301,87.81227014003639
STU_012302,78.64809768373175
STU_012303,65.18893016221546
STU_012304,54.75625910999361
STU_012305,90.73562018655036
STU_012306,71.15036037213804
STU_012307,72.6460834317736
STU_012308,82.92874958100333
STU_012309,67.93023933264931
STU_012310,75.68708533000131
STU_012311,76.45954419918417
STU_012312,63.452721605766556
STU_012313,74.09916272616715
STU_012314,95.00609971253357
STU_012315,88.53276742724097
STU_012316,70.25762846228122
STU_012317,96.34850202134976
STU_012318,79.3380839655174
STU_012319,82.41884940464342
STU_012320,64.78279498405232
STU_012321,71.19350822942761
STU_012322,92.45607634323676
STU_012323,58.18641979721838
STU_012324,82.70129714347377
STU_012325,67.36188088090853
STU_012326,79.3163296681546
STU_012327,62.4916398683647
STU_012328,67.66341137941049
STU_012329,88.59818902666836
STU_012330,88.72626907626545
STU_012331,75.26296621818346
STU_012332,64.11533029541329
STU_012333,86.37445111556804
STU_012334,72.3088254811089
STU_012335,68.1769239892883
STU_012336,89.25404692211964
STU_012337,92.28258371167169
STU_012338,71.64171551081176
STU_012339,82.04390982294944
STU_012340,67.11362773228598
STU_012341,47.84999654066041
STU_012342,84.10846348299992
STU_012343,83.60573367887059
STU_012344,57.608135841161356
STU_012345,66.58289503970241
STU_012346,77.24466902494078
STU_012347,90.91994516944192
STU_012348,79.53674334914331
STU_012349,70.09338180991108
STU_012350,76.38018980141442
STU_012351,86.53655097641968
STU_012352,88.89832858746024
STU_012353,95.8306657850843
STU_012354,54.32729945470646
STU_012355,80.21851323625992
STU_012356,85.11634492356279
STU_012357,67.29150920065672
STU_012358,88.17876451886264
STU_012359,84.3971214640112
STU_012360,79.63948663896917
STU_012361,63.34118093138204
STU_012362,77.18501541451792
STU_012363,79.97832106631245
STU_012364,80.69719899371034
STU_012365,67.0111807036867
STU_012366,82.55764220610536
STU_012367,78.37104720519619
STU_012368,60.59819517675305
STU_012369,77.23022456290914
STU_012370,103.79060578848441
STU_012371,73.64128039842353
STU_012372,89.71371751387846
STU_012373,70.90016286808918
STU_012374,79.05193837066349
STU_012375,65.25974299050199
STU_012376,78.4528572285451
STU_012377,86.29392478011368
STU_012378,75.5087468190502
STU_012379,70.47468734030349
STU_012380,96.41742202874104
STU_012381,102.15568107126967
STU_012382,61.52953652646488
STU_012383,88.36993479064995
STU_012384,103.25823754213457
STU_012385,94.80260797647463
STU_012386,81.26848453940352
STU_012387,73.24804801402206
STU_012388,84.93057380906589
STU_012389,102.59764221045214
STU_012390,76.3965986531523
STU_012391,47.53175575874752
STU_012392,74.78348486787354
STU_012393,71.18905322642968
STU_012394,68.18645115590539
STU_012395,79.37479909676381
STU_012396,83.24208914532232
STU_012397,76.51847519553849
STU_012398,84.67234245624786
STU_012399,75.6125195381021
STU_012400,81.24947817195698
STU_012401,93.4258307900526
STU_012402,98.42978389722589
STU_012403,53.71239436290648
STU_012404,79.79289862525206
STU_012405,63.9938568855398
STU_012406,65.02133682081535
STU_012407,91.86801165513589
STU_012408,74.15762710285935
STU_012409,74.89869418521289
STU_012410,53.458768869355936
STU_012411,89.74915101757585
STU_012412,70.89067781530662
STU_012413,66.64007405373172
STU_012414,92.612594285054
STU_012415,80.53378841446556
STU_012416,79.96203145696927
STU_012417,62.37487425076597
STU_012418,86.77581146625676
STU_012419,69.05435874136242
STU_012420,60.46584543502422
STU_012421,68.83414169428124
STU_012422,83.12203898552252
STU_012423,75.14572654899075
STU_012424,79.60820513453677
STU_012425,54.834215419600696
STU_012426,84.10196388261761
STU_012427,72.98127476829495
STU_012428,81.42920563124358
STU_012429,64.12390726813442
STU_012430,78.29094680947583
STU_012431,67.96216836757799
STU_012432,61.28824361663828
STU_012433,49.35240989899603
STU_012434,92.29132861331232
STU_012435,68.76238769765428
STU_012436,76.4283951151358
STU_012437,84.43688874571967
STU_012438,66.81015412499482
STU_012439,83.3438858975619
STU_012440,64.70507670771258
STU_012441,93.02732387749552
STU_012442,95.6196234099034
STU_012443,64.68570484583847
STU_012444,85.41001908469411
STU_012445,71.26798888188182
STU_012446,85.14914669573432
STU_012447,87.72747525747332
STU_012448,73.69990628745404
STU_012449,83.08381418708632
STU_012450,75.01999825694816
STU_012451,82.22239274102526
STU_012452,74.63977009048449
STU_012453,88.99553371476406
STU_012454,83.42442074631617
STU_012455,73.6087893583599
STU_012456,88.93468948583052
STU_012457,70.95859276800775
STU_012458,86.07264435713387
STU_012459,64.63358757562742
STU_012460,84.0647617186421
STU_012461,78.89298918120994
STU_012462,71.92800856442568
STU_012463,83.82303602355864
STU_012464,77.95657788734025
STU_012465,77.89942883775097
STU_012466,71.07845075982277
STU_012467,83.73528300601947
STU_012468,88.17387710648154
STU_012469,89.33127352367399
STU_012470,57.4427473459541
STU_012471,53.604008180320534
STU_012472,90.92483247924997
STU_012473,76.86813295405318
STU_012474,69.33465833074297
STU_012475,72.74454730511957
STU_012476,51.98651087082385
STU_012477,97.43960175570123
STU_012478,74.37172089150431
STU_012479,70.03677315333289
STU_012480,78.07871796316749
STU_012481,89.43468913885988
STU_012482,78.22490768994771
STU_012483,56.436574100451026
STU_012484,67.59602766425496
STU_012485,81.31287904079409
STU_012486,75.90521300560908
STU_012487,69.50335079472575
STU_012488,76.15685340957862
STU_012489,82.93591327501713
STU_012490,82.45119398091742
STU_012491,59.82644534533324
STU_012492,63.4632480158366
STU_012493,58.991139490066644
STU_012494,72.14691179495685
STU_012495,68.31037321661302
STU_012496,83.2453669018862
STU_012497,86.49690232913326
STU_012498,71.14879003530655
STU_012499,73.1359683292253
STU_012500,84.0682197551148
STU_012501,89.80786106689425
STU_012502,86.08352676036816
STU_012503,83.6896636868114
STU_012504,71.67492826435637
STU_012505,77.14220779517791
STU_012506,63.204050970241724
STU_012507,84.37236742226037
STU_012508,70.11195814981897
STU_012509,78.7072489002644
STU_012510,78.48113966461233
STU_012511,74.35716327168689
STU_012512,78.53180792372586
STU_012513,73.31483999725629
STU_012514,101.1008863599759
STU_012515,82.3988920953525
STU_012516,77.12822507648684
STU_012517,98.08743372412653
STU_012518,65.0533882168395
STU_012519,73.66736704851132
STU_012520,60.62803613288611
STU_012521,91.84918413844798
STU_012522,101.31881865242576
STU_012523,81.78432076920421
STU_012524,94.95860782386217
STU_012525,89.37332919683956
STU_012526,87.42116108811251
STU_012527,88.91784007366095
STU_012528,68.2274434150172
STU_012529,103.39993809371254
STU_012530,86.97429141243151
STU_012531,73.2870543227391
STU_012532,65.7771912174178
STU_012533,81.16171846491056
STU_012534,63.775953688155596
STU_012535,79.7371530077578
STU_012536,74.78916000887034
STU_012537,61.116799385256854
STU_012538,60.85648545759204
STU_012539,88.73453279044725
STU_012540,73.48657836127063
STU_012541,99.03100648972281
STU_012542,99.11121331156357
STU_012543,72.20467607000364
STU_012544,76.28679797376026
STU_012545,69.87611330206096
STU_012546,75.0672317579531
STU_012547,95.27281941737306
STU_012548,50.97977148906034
STU_012549,74.99996479335573
STU_012550,92.7463675363008
STU_012551,88.33700572369139
STU_012552,76.11083145255884
STU_012553,85.82943375171726
STU_012554,60.99379102107309
STU_012555,47.145104220812755
STU_012556,68.1344007644027
STU_012557,81.36963852481244
STU_012558,72.57321790709989
STU_012559,90.94874292534575
STU_012560,69.12031414571652
STU_012561,65.46851173465461
STU_012562,58.13654524349249
STU_012563,81.75849695415559
STU_012564,88.15964798334312
STU_012565,109.3625102820406
STU_012566,82.27043966592942
STU_012567,59.43719077498804
STU_012568,93.80272464230018
STU_012569,67.170403714636
STU_012570,47.27256395427844
STU_012571,58.361102463564066
STU_012572,57.2542641910984
STU_012573,70.42576839699313
STU_012574,63.31897726759212
STU_012575,70.62453719931432
STU_012576,79.59838655664203
STU_012577,93.44007234209187
STU_012578,53.42958207293259
STU_012579,81.27681139167112
STU_012580,69.49374513578846
STU_012581,68.13058394246082
STU_012582,74.8486903758253
STU_012583,61.823950623334895
STU_012584,59.170367177693834
STU_012585,67.10895504698442
STU_012586,73.25201448522103
STU_012587,67.77495904593115
STU_012588,68.25485203486778
STU_012589,57.692689202613565
STU_012590,68.33766147677943
STU_012591,72.50496384724602
STU_012592,89.1107925067621
STU_012593,95.74664116512304
STU_012594,49.466849233583844
STU_012595,60.69512734327509
STU_012596,78.74483775090607
STU_012597,78.0009413417547
STU_012598,63.786626202656635
STU_012599,73.91270583811979
STU_012600,64.89692226820443
STU_012601,78.13087976457814
STU_012602,67.55009001958342
STU_012603,83.92612069792517
STU_012604,83.11220070043214
STU_012605,81.325853723504
STU_012606,70.50199079928575
STU_012607,59.00769828687862
STU_012608,87.05217743254957
STU_012609,64.78955125278549
STU_012610,70.7614536623314
STU_012611,75.37904645703543
STU_012612,66.20378774142637
STU_012613,96.92151246559706
STU_012614,78.38908129279662
STU_012615,76.1249285068684
STU_012616,84.00160222466093
STU_012617,67.11488692410717
STU_012618,87.09889166337598
STU_012619,78.53130311632071
STU_012620,76.47905394451891
STU_012621,88.91553626951963
STU_012622,92.23239094190933
STU_012623,93.45960200957188
STU_012624,83.86043842110075
STU_012625,85.77588521107918
STU_012626,82.447505301212
STU_012627,82.42029248308972
STU_012628,77.15848358150947
STU_012629,81.23818564157682
STU_012630,68.55231691432914
STU_012631,67.99162873551882
STU_012632,68.021902819665
STU_012633,69.77715125186342
STU_012634,88.33484769816846
STU_012635,76.43140890151244
STU_012636,70.68761438829097
STU_012637,79.27988021883834
STU_012638,80.66839872786
STU_012639,93.09409506724194
STU_012640,81.32730164625946
STU_012641,71.65634952952996
STU_012642,56.81799168977295
STU_012643,82.5303038266452
STU_012644,84.98329900991666
STU_012645,59.686079930172355
STU_012646,83.14364703065303
STU_012647,80.96893856661222
STU_012648,65.18140830729567
STU_012649,77.42195519871962
STU_012650,78.24282341444746
STU_012651,76.98114330168141
STU_012652,101.86730033637389
STU_012653,79.93888600877403
STU_012654,79.62933885464713
STU_012655,72.53504590686725
STU_012656,78.61940443261415
STU_012657,92.3170361366906
STU_012658,88.3959678217974
STU_012659,76.1490883758861
STU_012660,79.57172630047694
STU_012661,95.93545024920763
STU_012662,82.08372252263098
STU_012663,71.59714725442018
STU_012664,45.57701538366314
STU_012665,93.40243834201965
STU_012666,62.466457758618844
STU_012667,75.28378275582418
STU_012668,73.80785255376009
STU_012669,64.52039562594746
STU_012670,66.730913677123
STU_012671,73.63437360801868
STU_012672,63.60936376227005
STU_012673,65.86256982994541
STU_012674,63.9262228884611
STU_012675,74.388788914717
STU_012676,89.93371837027337
STU_012677,59.251701956286524
STU_012678,69.82856760459163
STU_012679,74.91703050808246
STU_012680,68.79718676019547
STU_012681,74.331046762705
STU_012682,85.87008364247845
STU_012683,77.42600981127362
STU_012684,83.30357135397321
STU_012685,87.29091165608156
STU_012686,67.25141585706524
STU_012687,76.81987299642606
STU_012688,78.59102917718633
STU_012689,68.45282437484093
STU_012690,66.29252295941819
STU_012691,75.53243521431136
STU_012692,84.40507080986572
STU_012693,76.16093848922378
STU_012694,64.2216728136043
STU_012695,68.48114305377771
STU_012696,68.87630623676796
STU_012697,80.57268518544424
STU_012698,67.9422989672953
STU_012699,80.87152398343574
STU_012700,70.17366314551896
STU_012701,96.49462282731656
STU_012702,74.84912206568015
STU_012703,68.86156446727819
STU_012704,73.3597300481415
STU_012705,68.1992272614732
STU_012706,73.59624245483587
STU_012707,97.104341511499
STU_012708,56.01648840524513
STU_012709,62.879876844554474
STU_012710,86.92779886191806
STU_012711,66.955595117327
STU_012712,70.90343956938568
STU_012713,60.600449855725174
STU_012714,82.11192576677172
STU_012715,75.72742388229926
STU_012716,79.71079700132077
STU_012717,63.95037855103283
STU_012718,81.30087634609845
STU_012719,60.949251062887015
STU_012720,75.59361624847065
STU_012721,75.4756332386371
STU_012722,54.99602441623301
STU_012723,81.5043342045476
STU_012724,85.43157465944569
STU_012725,62.504914661707744
STU_012726,63.19019136592192
STU_012727,68.17148827034657
STU_012728,80.35340111407095
STU_012729,60.615044707715015
STU_012730,82.1220170770946
STU_012731,97.9356853593705
STU_012732,81.04713781854866
STU_012733,57.14614910699038
STU_012734,79.56243681137721
STU_012735,70.44843763829385
STU_012736,114.89694388968906
STU_012737,72.59626411404633
STU_012738,77.57257280549834
STU_012739,82.89338647114687
STU_012740,78.71619497407823
STU_012741,51.75805452550503
STU_012742,74.80702370497875
STU_012743,77.02262686560175
STU_012744,79.91891972543226
STU_012745,54.93687234914705
STU_012746,79.27893610188744
STU_012747,66.39996048202852
STU_012748,83.19031522145838
STU_012749,76.68906687228855
STU_012750,67.13736307973886
STU_012751,49.36965662910188
STU_012752,75.18248945917867
STU_012753,70.32471976704164
STU_012754,61.75293065945084
STU_012755,88.65271013964616
STU_012756,59.017172515709944
STU_012757,55.064783618275214
STU_012758,82.82984781407026
STU_012759,62.35295703660836
STU_012760,76.78574836833923
STU_012761,62.345185685017896
STU_012762,80.14420733121915
STU_012763,91.36639813780471
STU_012764,90.72715064723218
STU_012765,82.40133511827298
STU_012766,61.38754959118728
STU_012767,86.08539614921506
STU_012768,85.71808388980935
STU_012769,78.64608303414002
STU_012770,62.610176617696425
STU_012771,58.040235960399286
STU_012772,98.3744218405202
STU_012773,67.24756576300865
STU_012774,72.39847719014801
STU_012775,69.24316265848302
STU_012776,79.73752414824821
STU_012777,43.91119469751288
STU_012778,74.86912781242836
STU_012779,74.41393429317804
STU_012780,72.14870153850984
STU_012781,85.67589128188843
STU_012782,45.08437451583882
STU_012783,94.66734374113742
STU_012784,59.936821099890494
STU_012785,76.22151009986419
STU_012786,50.36021091089174
STU_012787,74.18776696963369
STU_012788,94.42437709365015
STU_012789,76.35980271858739
STU_012790,95.29122894300963
STU_012791,83.43467557001213
STU_012792,70.03542295632042
STU_012793,89.73784261936714
STU_012794,77.89704990052496
STU_012795,105.50204623076684
STU_012796,73.21598254288392
STU_012797,72.90951852694138
STU_012798,94.20929516291471
STU_012799,87.64255999672218
STU_012800,52.100484217171015
STU_012801,69.3693412063642
STU_012802,73.21126867598355
STU_012803,87.28757592780539
STU_012804,60.40109196546587
STU_012805,76.39594835201251
STU_012806,83.94098510894037
STU_012807,69.09616253022295
STU_012808,78.93094974510245
STU_012809,73.8367515246905
STU_012810,78.34860465062116
STU_012811,76.61725845193018
STU_012812,70.63132165597062
STU_012813,79.14211668687153
STU_012814,67.12987007202014
STU_012815,68.56286582939993
STU_012816,80.17881691238108
STU_012817,69.29912599647764
STU_012818,85.24854110210185
STU_012819,61.713430249226576
STU_012820,84.42794258974277
STU_012821,67.12491053654321
STU_012822,79.72738386418473
STU_012823,79.10046093599067
STU_012824,80.40900061588013
STU_012825,64.71076980147268
STU_012826,84.12051710646597
STU_012827,61.52078811756883
STU_012828,93.72373972536082
STU_012829,68.4122188239146
STU_012830,79.85677391386935
STU_012831,67.2014951199103
STU_012832,86.15628402434072
STU_012833,88.38506997298782
STU_012834,73.23506470565917
STU_012835,75.54274260709576
STU_012836,83.91433623167768
STU_012837,69.90463340239398
STU_012838,60.66826635252937
STU_012839,60.72882393029681
STU_012840,88.20536556398474
STU_012841,79.05734717136943
STU_012842,73.5242473845226
STU_012843,80.1681283424382
STU_012844,74.83405201602909
STU_012845,58.152231615365736
STU_012846,72.12447249707316
STU_012847,74.24715370678564
STU_012848,75.21829982844065
STU_012849,84.10142047794784
STU_012850,80.5807822154693
STU_012851,85.52683693955828
STU_012852,91.33286941732729
STU_012853,65.835151373504
STU_012854,81.55955891383337
STU_012855,80.8356954447986
STU_012856,68.97172684579323
STU_012857,90.77970823801559
STU_012858,82.82564301519892
STU_012859,62.28148749489401
STU_012860,82.00610515545395
STU_012861,71.30172423618683
STU_012862,72.3894852115236
STU_012863,91.01149795956712
STU_012864,82.02419412320683
STU_012865,67.69444795484333
STU_012866,73.8875729963479
STU_012867,86.24908128580228
STU_012868,86.60515689935664
STU_012869,59.21384123537109
STU_012870,82.76720396051269
STU_012871,81.57961852308608
STU_012872,89.92227405394601
STU_012873,61.64463177193261
STU_012874,73.96294663714798
STU_012875,77.92773058761577
STU_012876,54.47384674443356
STU_012877,76.01942049533955
STU_012878,97.76885674685661
STU_012879,79.4345196257002
STU_012880,79.62232797980391
STU_012881,86.32688680778642
STU_012882,86.50916793717033
STU_012883,68.12779946807905
STU_012884,80.47229028188394
STU_012885,81.02530377213316
STU_012886,61.57763837644234
STU_012887,77.55265861060343
STU_012888,72.25918114201863
STU_012889,69.65939344116987
STU_012890,72.55620805891863
STU_012891,71.42099254231653
STU_012892,67.7810359250152
STU_012893,84.56333933928886
STU_012894,72.77642919730624
STU_012895,91.0332462437475
STU_012896,79.21068270858677
STU_012897,77.095525182953
STU_012898,85.59693457010599
STU_012899,87.70216837047792
STU_012900,79.37777251014245
STU_012901,72.2760611818519
STU_012902,90.61245383132143
STU_012903,57.988772501006224
STU_012904,81.18292989663973
STU_012905,66.33602819580165
STU_012906,94.60203444975332
STU_012907,58.63144566227743
STU_012908,91.86446272890919
STU_012909,74.14297343075759
STU_012910,38.99082922418984
STU_012911,87.30526393553191
STU_012912,53.34954599385924
STU_012913,68.61241241039193
STU_012914,77.24468572620913
STU_012915,64.6128114485432
STU_012916,64.24895844928005
STU_012917,86.36146333298598
STU_012918,62.39869392998821
STU_012919,95.52175714191264
STU_012920,81.82352803831964
STU_012921,54.664529031654865
STU_012922,65.47518731249352
STU_012923,61.48401519567278
STU_012924,76.67660035763379
STU_012925,77.33669504900308
STU_012926,69.2039349752713
STU_012927,85.5397230727408
STU_012928,64.9837104162109
STU_012929,56.711851733407684
STU_012930,71.14437744379075
STU_012931,91.5764920985107
STU_012932,58.916327287937065
STU_012933,72.30009885063964
STU_012934,73.49183709405384
STU_012935,68.32270706637837
STU_012936,70.39480221797271
STU_012937,70.20972827293053
STU_012938,91.54427889671695
STU_012939,50.27747611069117
STU_012940,74.52912838204634
STU_012941,57.95981099114124
STU_012942,78.6043508093228
STU_012943,73.79704472780213
STU_012944,78.24955214089141
STU_012945,88.36469052619486
STU_012946,62.44061705167269
STU_012947,76.9329446965728
STU_012948,87.94175105748377
STU_012949,93.89946399322685
STU_012950,77.14674269042325
STU_012951,86.49732294732439
STU_012952,73.32473210856756
STU_012953,85.88593160999335
STU_012954,84.8079559887683
STU_012955,93.74414422138784
STU_012956,69.97325656374255
STU_012957,63.438357910585864
STU_012958,73.07411936912354
STU_012959,79.61526152170472
STU_012960,77.41976154133567
STU_012961,76.2934342825688
STU_012962,57.68039428848965
STU_012963,60.519006854193094
STU_012964,82.77556651336727
STU_012965,79.48245326127221
STU_012966,76.74175250697431
STU_012967,74.29592559644288
STU_012968,77.03328859174394
STU_012969,75.96249055818771
STU_012970,61.68202001240343
STU_012971,78.65057833874062
STU_012972,80.91624434416622
STU_012973,49.4839300426238
STU_012974,65.89295256779701
STU_012975,60.903716879314516
STU_012976,82.9923849463471
STU_012977,80.3563786290531
STU_012978,90.77301075983428
STU_012979,66.76074449244675
STU_012980,75.11812673599411
STU_012981,89.08265524354795
STU_012982,78.04671678260434
STU_012983,105.14961077090607
STU_012984,56.15357999960361
STU_012985,64.4236107202496
STU_012986,70.85673195825257
STU_012987,55.052570278742905
STU_012988,82.24123157027543
STU_012989,95.80770828328878
STU_012990,67.0718884226983
STU_012991,75.36796470309332
STU_012992,62.717361247274766
STU_012993,102.5213902490658
STU_012994,84.54065540222314
STU_012995,61.83592171593159
STU_012996,67.61825636904496
STU_012997,84.86544478406358
STU_012998,82.17268721236587
STU_012999,84.26114829886251
STU_013000,83.91654117304051
STU_013001,92.72463102812901
STU_013002,82.72160750727153
STU_013003,80.1146210760121
STU_013004,84.50007446405698
STU_013005,72.90663680395255
STU_013006,83.42333711047308
STU_013007,82.04037604123846
STU_013008,78.28497887819367
STU_013009,85.6884708196776
STU_013010,80.7773487735958
STU_013011,61.827607401678506
STU_013012,60.82048301369355
STU_013013,85.6255988555979
STU_013014,83.92219883373355
STU_013015,81.7227436961175
STU_013016,65.94552719533817
STU_013017,94.32136931678781
STU_013018,78.03943186313427
STU_013019,77.75878701431907
STU_013020,59.78015421592181
STU_013021,71.6516870129085
STU_013022,102.45030326646554
STU_013023,81.92231544587867
STU_013024,82.67477455010498
STU_013025,71.82932564251178
STU_013026,71.12853225852837
STU_013027,75.1731168474978
STU_013028,86.37807482147446
STU_013029,77.58523408878023
STU_013030,77.64376206962334
STU_013031,68.18107113293695
STU_013032,98.19003644970041
STU_013033,71.3700347030433
STU_013034,99.98111861788493
STU_013035,87.33497120395123
STU_013036,65.19464125053128
STU_013037,88.89362470862
STU_013038,78.7110460964127
STU_013039,85.72128174616682
STU_013040,91.93989282069401
STU_013041,77.38231623821616
STU_013042,60.91344867140515
STU_013043,87.00665475551546
STU_013044,66.07563073971346
STU_013045,85.60015668215146
STU_013046,64.70528616905267
STU_013047,68.61245226410983
STU_013048,90.07131295562726
STU_013049,75.55811704189955
STU_013050,82.5501788734714
STU_013051,89.23058718178493
STU_013052,68.69329804080144
STU_013053,75.81569429968772
STU_013054,66.7945134310105
STU_013055,86.89504377196408
STU_013056,72.8848455464331
STU_013057,60.99707872546924
STU_013058,63.33785645747503
STU_013059,83.10940595316106
STU_013060,61.19646222865026
STU_013061,65.55462061238404
STU_013062,99.51043668638977
STU_013063,85.1527615889629
STU_013064,67.09238719880636
STU_013065,57.026598164257166
STU_013066,95.50442212766245
STU_013067,69.84099849974587
STU_013068,89.23080013224364
STU_013069,99.50499284009572
STU_013070,68.6199362258551
STU_013071,81.52611611748557
STU_013072,79.25442099419138
STU_013073,77.35320325480484
STU_013074,78.33993164474646
STU_013075,51.954576946321595
STU_013076,85.09924656730027
STU_013077,90.09976464923488
STU_013078,78.06400279839113
STU_013079,80.28887217063925
STU_013080,75.48871405357045
STU_013081,79.09718185096244
STU_013082,64.36069238703317
STU_013083,71.94184483402228
STU_013084,73.66051108970714
STU_013085,79.09051421299523
STU_013086,77.34822362505815
STU_013087,66.73342525587123
STU_013088,84.0029234133658
STU_013089,68.1891633452974
STU_013090,95.14799554728336
STU_013091,70.52862154094828
STU_013092,64.37125027896718
STU_013093,83.28466313555077
STU_013094,85.96856921462245
STU_013095,76.50635848888942
STU_013096,82.4780987386041
STU_013097,80.92242142794635
STU_013098,82.52271108790819
STU_013099,65.62432030379841
STU_013100,72.70122471666696
STU_013101,78.26732116205017
STU_013102,92.89584192071982
STU_013103,77.09343854347503
STU_013104,76.05378606644535
STU_013105,64.91050920189218
STU_013106,87.11677866263835
STU_013107,60.061136733068
STU_013108,86.7807300231093
STU_013109,90.1508224802775
STU_013110,56.732277230165664
STU_013111,98.91065559255526
STU_013112,100.41904272414797
STU_013113,71.98819810782629
STU_013114,60.941608578314344
STU_013115,79.39229203078025
STU_013116,66.63177976377483
STU_013117,70.6597597897246
STU_013118,73.15199872809944
STU_013119,78.62669380516081
STU_013120,70.38343644960673
STU_013121,81.61608921548054
STU_013122,75.88677096940569
STU_013123,90.33579752682556
STU_013124,96.6125078710636
STU_013125,85.47929984710868
STU_013126,69.89125650315623
STU_013127,66.46544685284516
STU_013128,85.5819749974869
STU_013129,66.73148831253866
STU_013130,97.1772169600074
STU_013131,56.32946735080236
STU_013132,77.14470147694601
STU_013133,85.61090734185791
STU_013134,70.54080516343265
STU_013135,64.87494062688006
STU_013136,64.46725323946248
STU_013137,72.61318555041862
STU_013138,71.0894560481936
STU_013139,76.0447260812557
STU_013140,98.09098860232314
STU_013141,76.57979103955745
STU_013142,66.34122193810163
STU_013143,71.282011172676
STU_013144,72.85099293938742
STU_013145,68.4298685701649
STU_013146,62.10380579246521
STU_013147,80.02498118898598
STU_013148,74.45319571737332
STU_013149,79.70758269805765
STU_013150,79.55585253829486
STU_013151,74.65528215349809
STU_013152,83.31305680812784
STU_013153,75.90697166204473
STU_013154,77.22878105411041
STU_013155,98.17039028568831
STU_013156,78.05752183594564
STU_013157,70.75400358124739
STU_013158,80.48577094310099
STU_013159,91.02344893795271
STU_013160,63.18211924244747
STU_013161,63.1683816827167
STU_013162,62.053601583561885
STU_013163,82.33245894068841
STU_013164,71.74097198536879
STU_013165,74.61291293549357
STU_013166,54.67384382835235
STU_013167,81.62260272625963
STU_013168,77.70378074763948
STU_013169,80.8473781981777
STU_013170,76.1138294243624
STU_013171,77.79872910116387
STU_013172,60.395572068647425
STU_013173,83.80703533474343
STU_013174,69.02979253840317
STU_013175,57.3402498636226
STU_013176,87.56806228249275
STU_013177,69.81108125403694
STU_013178,86.17954196712503
STU_013179,80.25022856722762
STU_013180,82.35345240615152
STU_013181,82.88064976737564
STU_013182,80.15652997569873
STU_013183,80.86622854460279
STU_013184,72.81666099537028
STU_013185,71.51737860115145
STU_013186,67.63846376328411
STU_013187,67.54836778082063
STU_013188,91.36437263243874
STU_013189,100.122938733247
STU_013190,79.08677298048019
STU_013191,94.37551211363655
STU_013192,80.90332888930016
STU_013193,82.41973924910803
STU_013194,98.52110006687826
STU_013195,88.74954839953693
STU_013196,80.35010947517935
STU_013197,54.931391546154146
STU_013198,69.02108082150016
STU_013199,79.62430347566328
STU_013200,60.96251477752617
STU_013201,82.21000381027193
STU_013202,56.92984249083361
STU_013203,72.71631666985809
STU_013204,62.72514548234108
STU_013205,77.22956414048122
STU_013206,78.34461070790712
STU_013207,74.9174658520194
STU_013208,70.12242974571132
STU_013209,71.24477679576762
STU_013210,55.04646279292433
STU_013211,68.55227460230776
STU_013212,66.52931095458598
STU_013213,75.93622537852139
STU_013214,91.61719030869313
STU_013215,57.06508910635489
STU_013216,93.72274056332003
STU_013217,87.87345309089551
STU_013218,60.54538492971869
STU_013219,82.6413954390157
STU_013220,94.68300207619086
STU_013221,64.11919175070648
STU_013222,65.1652852375521
STU_013223,79.1103641940258
STU_013224,70.69719999647396
STU_013225,52.33740416716296
STU_013226,75.41168680176133
STU_013227,81.20838542178808
STU_013228,70.8730859819932
STU_013229,65.80861287973948
STU_013230,74.23361601838724
STU_013231,68.92898316336891
STU_013232,71.57083774374632
STU_013233,88.63215488360129
STU_013234,67.97139319813891
STU_013235,71.17939864482696
STU_013236,96.00976872409137
STU_013237,57.969499583293555
STU_013238,70.70840095339099
STU_013239,74.82403502464649
STU_013240,66.14222024692799
STU_013241,72.95118196239082
STU_013242,68.87485224675243
STU_013243,69.49657600516798
STU_013244,80.15718969532418
STU_013245,67.93215926750213
STU_013246,68.76436538141297
STU_013247,97.17126597020024
STU_013248,92.98457191330112
STU_013249,53.45828498992455
STU_013250,78.5921922636312
STU_013251,82.79867328923865
STU_013252,81.99311570610439
STU_013253,78.83249305801996
STU_013254,84.35203582884196
STU_013255,80.66236485737545
STU_013256,77.62796618209813
STU_013257,84.73596735881824
STU_013258,68.99670933901643
STU_013259,60.57746992896705
STU_013260,70.9517123616397
STU_013261,74.19797420935674
STU_013262,62.5577161470369
STU_013263,66.13268532862617
STU_013264,92.88232454048716
STU_013265,73.95534952269759
STU_013266,71.0199427928394
STU_013267,71.69406950875077
STU_013268,60.249490795407155
STU_013269,84.92164794846258
STU_013270,88.84296837328259
STU_013271,68.8436562719744
STU_013272,82.62225367852125
STU_013273,70.54568981549278
STU_013274,81.88616913799456
STU_013275,67.66069183029731
STU_013276,51.81065077725248
STU_013277,70.2563498789491
STU_013278,63.95419814141246
STU_013279,58.25199365618164
STU_013280,92.38262957886047
STU_013281,100.06597689878026
STU_013282,83.9200612589616
STU_013283,78.78957339582644
STU_013284,76.29304464586312
STU_013285,72.93450740009644
STU_013286,67.58673721014247
STU_013287,86.58619782347569
STU_013288,84.70050488709717
STU_013289,94.57939579585184
STU_013290,79.9667834911861
STU_013291,83.60734155436262
STU_013292,81.80674356993836
STU_013293,80.4745094885568
STU_013294,91.86870666624623
STU_013295,77.09367031815555
STU_013296,74.2766123916033
STU_013297,81.939838077579
STU_013298,65.22988139219024
STU_013299,86.96511988111024
STU_013300,72.46503205875251
STU_013301,84.19560643312843
STU_013302,87.10454630488243
STU_013303,93.61266317412856
STU_013304,89.1631998703599
STU_013305,74.00858868054343
STU_013306,72.51706150088603
STU_013307,83.87334336934191
STU_013308,91.8029340588306
STU_013309,71.43310352989874
STU_013310,56.63059534804711
STU_013311,86.41868262776347
STU_013312,53.99992735580781
STU_013313,71.30401753615456
STU_013314,64.35150936319724
STU_013315,68.01739920968043
STU_013316,81.36343995712627
STU_013317,77.4844422994579
STU_013318,52.644612189141526
STU_013319,74.74082543715667
STU_013320,85.95953934546719
STU_013321,83.99335520602449
STU_013322,89.25237578867711
STU_013323,93.78901983652247
STU_013324,89.4396655641035
STU_013325,85.02750989048013
STU_013326,70.45758796693485
STU_013327,81.0577341485191
STU_013328,65.19500542419473
STU_013329,81.12401372286718
STU_013330,71.27660926203225
STU_013331,67.19429036942984
STU_013332,79.46908965519401
STU_013333,55.8727936114924
STU_013334,73.7754933844958
STU_013335,65.99238326428122
STU_013336,78.05306010569029
STU_013337,59.84226855713882
STU_013338,62.05692998549125
STU_013339,78.1245636697588
STU_013340,90.21886323930971
STU_013341,74.20718373255522
STU_013342,86.79238918712167
STU_013343,61.470911428339605
STU_013344,82.29797764586942
STU_013345,68.18104252428247
STU_013346,87.53189327584391
STU_013347,79.50095150978177
STU_013348,84.53260205733841
STU_013349,92.32751667671664
STU_013350,69.04295260137974
STU_013351,79.39583808869202
STU_013352,65.07261818125608
STU_013353,68.3746103515009
STU_013354,56.699743677367906
STU_013355,80.67053293266031
STU_013356,68.26199974369797
STU_013357,72.60726872699593
STU_013358,75.89813626076011
STU_013359,76.53083175645247
STU_013360,82.29675742619906
STU_013361,67.8095679992889
STU_013362,85.21324071851859
STU_013363,73.32839458306785
STU_013364,69.43788103917313
STU_013365,78.53038081967907
STU_013366,95.7311960357722
STU_013367,83.80024117793914
STU_013368,94.6727129760784
STU_013369,61.42263754111991
STU_013370,84.06671357095001
STU_013371,76.3686284937794
STU_013372,76.47189144883328
STU_013373,74.13403897117905
STU_013374,83.93329120052317
STU_013375,87.25458545732772
STU_013376,47.0472208511394
STU_013377,79.15909112548229
STU_013378,65.02076919917295
STU_013379,78.12564267413154
STU_013380,84.35782007486205
STU_013381,98.77620529174305
STU_013382,104.53322663035226
STU_013383,71.09965484645409
STU_013384,57.34155386039174
STU_013385,66.06809823046092
STU_013386,94.36656794699604
STU_013387,63.249918289008974
STU_013388,86.64344585177219
STU_013389,62.78829331201905
STU_013390,68.6661006226575
STU_013391,84.72536871057537
STU_013392,91.1962247951169
STU_013393,70.54225575371993
STU_013394,101.63316154632639
STU_013395,65.44875248146218
STU_013396,69.34258340389579
STU_013397,99.22529017341196
STU_013398,86.25940795979022
STU_013399,56.547644386362435
STU_013400,73.74390378544558
STU_013401,107.0551125835857
STU_013402,78.85711810390467
STU_013403,90.21931876027747
STU_013404,62.41170219017158
STU_013405,82.95890251139645
STU_013406,100.88649357074917
STU_013407,79.49945563900133
STU_013408,66.77820037872289
STU_013409,66.86661098196373
STU_013410,73.53136363087265
STU_013411,65.28806500822452
STU_013412,73.22545657900582
STU_013413,77.27945513491932
STU_013414,83.99163777127205
STU_013415,70.61388637281493
STU_013416,53.70876215826729
STU_013417,79.55554286806114
STU_013418,39.66264588475724
STU_013419,62.308078477708705
STU_013420,88.13776503003714
STU_013421,102.39712403971168
STU_013422,90.84183114463951
STU_013423,63.19455957256719
STU_013424,102.35237879395379
STU_013425,78.8902419718363
STU_013426,59.12097284221568
STU_013427,72.97895168004129
STU_013428,66.7794087638706
STU_013429,84.85460332190928
STU_013430,68.34733193330021
STU_013431,58.667622803854556
STU_013432,69.95019411480871
STU_013433,91.30240550448309
STU_013434,82.29816923869748
STU_013435,92.76256006989593
STU_013436,73.5452083235034
STU_013437,72.80806544586903
STU_013438,78.4543340450914
STU_013439,92.66406119176725
STU_013440,75.78543862799188
STU_013441,95.04840628370914
STU_013442,92.74094640861256
STU_013443,61.45837360544783
STU_013444,86.16063475257101
STU_013445,79.15035218867024
STU_013446,86.65272211184129
STU_013447,79.89340432847825
STU_013448,78.3724142886233
STU_013449,75.00342722181585
STU_013450,90.70111819015995
STU_013451,72.6670123488584
STU_013452,83.05348101432605
STU_013453,81.71895587831932
STU_013454,67.51872648162202
STU_013455,97.15307175665612
STU_013456,71.19765693492559
STU_013457,61.380919307490785
STU_013458,73.0418605640582
STU_013459,61.109824721686664
STU_013460,59.16449945348563
STU_013461,74.25463745465663
STU_013462,64.25776824922286
STU_013463,84.22517632902418
STU_013464,61.546102227943265
STU_013465,59.821883379218434
STU_013466,81.38186284302583
STU_013467,70.46579443313203
STU_013468,92.49987483353584
STU_013469,76.27913691284334
STU_013470,87.8907664549804
STU_013471,78.85034247704448
STU_013472,86.21492433340336
STU_013473,63.54501758710103
STU_013474,80.71460540678345
STU_013475,79.4464811132882
STU_013476,79.6101923750141
STU_013477,70.22013429188269
STU_013478,80.40117045449551
STU_013479,72.523495979161
STU_013480,84.51835729894856
STU_013481,80.04639990567216
STU_013482,80.70965312531735
STU_013483,79.11159353793732
STU_013484,86.74748694463688
STU_013485,91.05589805140232
STU_013486,63.42591294787917
STU_013487,80.21678776296108
STU_013488,79.17345224050791
STU_013489,77.98658326947452
STU_013490,69.23327047300518
STU_013491,91.71476666643127
STU_013492,80.95304835909405
STU_013493,68.92788592361671
STU_013494,71.48822609973513
STU_013495,85.37876933251573
STU_013496,79.86073317925229
STU_013497,60.28866385012634
STU_013498,75.70854261909471
STU_013499,76.35025250567196
STU_013500,66.20008223790751
STU_013501,85.67783159804844
STU_013502,83.14833957205246
STU_013503,74.98260758469382
STU_013504,83.26736336976342
STU_013505,76.47726637969163
STU_013506,88.92148284448012
STU_013507,62.65847857591348
STU_013508,71.25653227377052
STU_013509,86.708172889254
STU_013510,70.43203517971824
STU_013511,82.31404413593168
STU_013512,64.66285713392813
STU_013513,46.44094680083617
STU_013514,78.97252213610432
STU_013515,67.33298297401848
STU_013516,106.94681663483959
STU_013517,81.63606425246485
STU_013518,72.42586829837614
STU_013519,103.80583204263155
STU_013520,75.98899627111427
STU_013521,61.50009002304091
STU_013522,70.03373618970863
STU_013523,92.7528712666591
STU_013524,73.73640039286056
STU_013525,76.73397966685934
STU_013526,72.61613571813155
STU_013527,74.76689564532967
STU_013528,40.932579928136875
STU_013529,93.49555536835487
STU_013530,73.00481788416528
STU_013531,82.46031887861636
STU_013532,59.50544001854746
STU_013533,72.15616501977911
STU_013534,83.70789553135228
STU_013535,99.85601659316808
STU_013536,82.79723191975836
STU_013537,74.87052331180075
STU_013538,89.35636528017073
STU_013539,73.34415578957783
STU_013540,97.58427223424792
STU_013541,70.85891434132941
STU_013542,86.09137833469413
STU_013543,72.91476762446587
STU_013544,76.06788693026033
STU_013545,88.8929642412105
STU_013546,90.25301119235871
STU_013547,104.73269228535162
STU_013548,79.01539140346563
STU_013549,64.3051940017881
STU_013550,78.42688006169692
STU_013551,70.52355717657929
STU_013552,79.37636901658402
STU_013553,76.72756294013061
STU_013554,73.68637957619285
STU_013555,66.22911413444308
STU_013556,88.32656161674981
STU_013557,71.30556196441398
STU_013558,73.79881704545232
STU_013559,84.22255204398607
STU_013560,53.497674364659815
STU_013561,72.56002361570768
STU_013562,86.34167126358102
STU_013563,85.70151723291156
STU_013564,53.84821284878171
STU_013565,83.007652585615
STU_013566,71.03325402671612
STU_013567,90.829602024579
STU_013568,70.86291043143888
STU_013569,75.60674376506768
STU_013570,69.5341232878784
STU_013571,77.41819405265937
STU_013572,64.60544311579883
STU_013573,69.4099142132493
STU_013574,75.11014590086847
STU_013575,52.96748200058482
STU_013576,73.93811243889195
STU_013577,65.42873803757516
STU_013578,72.40252567933021
STU_013579,74.89775487608927
STU_013580,83.73387597005944
STU_013581,62.98116119836777
STU_013582,77.07950976986967
STU_013583,64.776254394322
STU_013584,74.06372534296634
STU_013585,65.3719293007357
STU_013586,67.14158697270045
STU_013587,95.30032193331988
STU_013588,75.24804696283059
STU_013589,69.93891142106145
STU_013590,85.34942670339888
STU_013591,87.89578911219905
STU_013592,95.92976203284843
STU_013593,91.38783379795461
STU_013594,62.69988883182555
STU_013595,64.51222859505606
STU_013596,83.17450869887989
STU_013597,66.87029860244002
STU_013598,76.75680661185766
STU_013599,72.4678673624976
STU_013600,86.43005675685049
STU_013601,63.332740466833684
STU_013602,65.88645618920623
STU_013603,88.26081658187127
STU_013604,65.61936247181802
STU_013605,87.6508913796174
STU_013606,74.02555864810915
STU_013607,45.65557679454264
STU_013608,81.48828749750692
STU_013609,76.56658917231834
STU_013610,95.55115637346171
STU_013611,87.50924414905307
STU_013612,66.21127290659774
STU_013613,84.60178457994948
STU_013614,55.32155168677241
STU_013615,78.73739955362885
STU_013616,75.16513651629884
STU_013617,72.28384514409049
STU_013618,67.57290115860769
STU_013619,67.93727339055067
STU_013620,71.00572627110864
STU_013621,73.46637346020384
STU_013622,68.20002756916051
STU_013623,54.018591263951976
STU_013624,57.46819605412702
STU_013625,85.90222173072016
STU_013626,71.91712124913647
STU_013627,76.47851641436068
STU_013628,98.86247586459717
STU_013629,76.17645519406574
STU_013630,70.50127226510358
STU_013631,72.97309413372113
STU_013632,62.65703184271956
STU_013633,96.4341681125353
STU_013634,68.62374666531036
STU_013635,90.49029121356443
STU_013636,77.24058112859029
STU_013637,78.90204847636869
STU_013638,75.38002050167188
STU_013639,68.23803457447298
STU_013640,78.22599465940766
STU_013641,83.02329822811589
STU_013642,71.1370453677223
STU_013643,80.73538027735958
STU_013644,64.40238314143357
STU_013645,66.65137857302011
STU_013646,84.63344884372418
STU_013647,82.91812313765695
STU_013648,101.5904074602139
STU_013649,78.97815351008558
STU_013650,91.2423806253978
STU_013651,73.38642356564606
STU_013652,66.18893453144665
STU_013653,83.84230287698142
STU_013654,73.97303339285554
STU_013655,76.35170839100306
STU_013656,94.32656762725583
STU_013657,72.39271222931211
STU_013658,79.04931700494171
STU_013659,68.5061006107021
STU_013660,67.17557329621854
STU_013661,76.31363556239126
STU_013662,81.72619639279083
STU_013663,76.48992940321045
STU_013664,86.80313853310099
STU_013665,83.06337489566386
STU_013666,91.7352606415011
STU_013667,64.9947589808512
STU_013668,89.03140096592858
STU_013669,71.85749157771693
STU_013670,85.019244170903
STU_013671,97.99277012423215
STU_013672,73.06636067105774
STU_013673,106.24715226634908
STU_013674,80.19841529164319
STU_013675,67.64908615697436
STU_013676,73.52205624702515
STU_013677,71.28394077105395
STU_013678,69.70090000601522
STU_013679,63.01692799440957
STU_013680,55.82069259633886
STU_013681,98.24064647475166
STU_013682,42.52822021510451
STU_013683,57.81803214681145
STU_013684,77.32101140036275
STU_013685,79.57184366934621
STU_013686,90.53080179879589
STU_013687,75.58090370253103
STU_013688,64.349781470798
STU_013689,102.14271264986246
STU_013690,92.12917980394661
STU_013691,58.14002224833075
STU_013692,69.12169319205441
STU_013693,84.52660607547205
STU_013694,76.6109726744744
STU_013695,74.76758787981407
STU_013696,100.84323452881176
STU_013697,70.75999685385978
STU_013698,59.91473923816443
STU_013699,66.71267670436873
STU_013700,82.52422705802019
STU_013701,80.72597868367029
STU_013702,84.82851123849673
STU_013703,72.20770783968192
STU_013704,82.77018475804039
STU_013705,87.45348613079614
STU_013706,66.37841119763766
STU_013707,61.759804723386196
STU_013708,60.80834429293827
STU_013709,87.16170385672308
STU_013710,80.88044572707554
STU_013711,95.51965852031731
STU_013712,78.21710757573237
STU_013713,66.80442240375942
STU_013714,72.39650491903399
STU_013715,99.30624354869076
STU_013716,72.49903877850625
STU_013717,62.744936996967226
STU_013718,77.59740762650154
STU_013719,72.44118947661991
STU_013720,59.22501695881465
STU_013721,60.843385769315546
STU_013722,81.81563744958771
STU_013723,82.62168668406957
STU_013724,87.45047728793725
STU_013725,66.88027913628935
STU_013726,67.67264637239919
STU_013727,69.37070099797188
STU_013728,88.84910187830826
STU_013729,86.13116784742988
STU_013730,76.84799662129217
STU_013731,93.98323918049277
STU_013732,75.15303756846583
STU_013733,85.13254286427741
STU_013734,58.06973227423896
STU_013735,76.51361219994192
STU_013736,95.08100609170356
STU_013737,89.22644384709213
STU_013738,74.1376375140917
STU_013739,73.33369621700058
STU_013740,82.89465830057452
STU_013741,77.28241236518602
STU_013742,95.02302405506293
STU_013743,93.22217076313893
STU_013744,62.35562658976073
STU_013745,85.52295647621963
STU_013746,83.87669406565942
STU_013747,91.82513080307876
STU_013748,69.1879579739716
STU_013749,92.56293485494325
STU_013750,76.95281764962579
STU_013751,77.33870938554719
STU_013752,84.84410821267488
STU_013753,93.5263995779585
STU_013754,74.59342329297192
STU_013755,79.29039767809809
STU_013756,70.77737633393303
STU_013757,91.81590228615119
STU_013758,100.45391145075325
STU_013759,68.45833478068607
STU_013760,53.80599567970194
STU_013761,94.24816354909626
STU_013762,70.3748484654011
STU_013763,78.07169878230343
STU_013764,62.43331772034571
STU_013765,64.19400513233222
STU_013766,79.98429987724603
STU_013767,80.87996519344006
STU_013768,70.78029028750484
STU_013769,61.67267398309741
STU_013770,79.2997965531797
STU_013771,93.55848020971041
STU_013772,71.026903892375
STU_013773,74.05618305069697
STU_013774,69.98340392751174
STU_013775,73.69031557967719
STU_013776,60.4584140548136
STU_013777,75.46589980645308
STU_013778,91.7307115321712
STU_013779,95.16933166382444
STU_013780,72.62637768576724
STU_013781,61.410041948980734
STU_013782,69.57369309509
STU_013783,81.0219881135331
STU_013784,78.99978418781939
STU_013785,67.85711450952249
STU_013786,77.94005074647998
STU_013787,93.24790123268644
STU_013788,69.42617703484962
STU_013789,81.14528370968355
STU_013790,71.70985904499571
STU_013791,83.0086528060151
STU_013792,99.10573385796522
STU_013793,61.04570824992038
STU_013794,78.71411590419098
STU_013795,79.99440618139784
STU_013796,70.40323977146568
STU_013797,76.67189075934357
STU_013798,58.15035505506967
STU_013799,82.78386637014842
STU_013800,84.05220527722531
STU_013801,95.24566431024493
STU_013802,77.85927577513871
STU_013803,74.30586519260737
STU_013804,67.64301616611215
STU_013805,83.21052024761957
STU_013806,73.22046704666764
STU_013807,74.0029396233133
STU_013808,70.88753287541886
STU_013809,76.2104300551573
STU_013810,80.2524476203323
STU_013811,70.75403864164537
STU_013812,76.8020166723229
STU_013813,70.2454500087074
STU_013814,62.82649926106819
STU_013815,80.29690876772361
STU_013816,66.75384990172574
STU_013817,77.0807938556452
STU_013818,55.2587677819829
STU_013819,78.4033365490834
STU_013820,75.32930080845699
STU_013821,71.6986351968817
STU_013822,100.48648101977278
STU_013823,89.17380389152868
STU_013824,70.62461167114611
STU_013825,59.2895929808667
STU_013826,82.55598395884272
STU_013827,83.74531302112109
STU_013828,88.09563848485845
STU_013829,78.9043399138402
STU_013830,85.93440797798598
STU_013831,79.83783965068437
STU_013832,84.39770313278427
STU_013833,84.71124083618724
STU_013834,62.83321696172516
STU_013835,81.48460913099757
STU_013836,65.49617270889826
STU_013837,88.68163740748889
STU_013838,55.68626678896226
STU_013839,61.09340586456619
STU_013840,63.976063521854485
STU_013841,106.86038516331303
STU_013842,83.86936872420961
STU_013843,78.57898841761744
STU_013844,77.13134299459057
STU_013845,84.5772196579876
STU_013846,82.89876799636363
STU_013847,53.4416234526534
STU_013848,110.75375850482317
STU_013849,61.526725511880386
STU_013850,68.6412592067943
STU_013851,68.7578684311386
STU_013852,82.73924537073458
STU_013853,69.67059518040969
STU_013854,83.18481001981831
STU_013855,77.53403144647382
STU_013856,70.35220606156508
STU_013857,68.82009973837762
STU_013858,83.12521470609386
STU_013859,74.74245050464287
STU_013860,73.28794274695315
STU_013861,68.575574870232
STU_013862,81.90750574425283
STU_013863,82.41272673252843
STU_013864,65.71763087283057
STU_013865,90.76843656094411
STU_013866,49.19641564670496
STU_013867,73.76197770802264
STU_013868,95.23024173367173
STU_013869,71.8203570212363
STU_013870,58.45318972918767
STU_013871,75.93014946847347
STU_013872,92.06379674544041
STU_013873,68.45750597609208
STU_013874,62.0815450109867
STU_013875,68.61819677110407
STU_013876,79.23539506411385
STU_013877,65.24883501016711
STU_013878,67.18633577758328
STU_013879,64.26339336974661
STU_013880,93.55951488089681
STU_013881,77.24001433812396
STU_013882,80.71064942434646
STU_013883,74.25366176200828
STU_013884,79.71066552210232
STU_013885,85.57444668170228
STU_013886,85.32761608289456
STU_013887,76.75748642975668
STU_013888,72.34261090940413
STU_013889,81.9954681458189
STU_013890,87.50026038213355
STU_013891,90.14927111961117
STU_013892,71.5995147109054
STU_013893,65.83819965567659
STU_013894,94.47609760168291
STU_013895,63.278878274031285
STU_013896,87.29925294930081
STU_013897,76.24050320888864
STU_013898,80.66359163783045
STU_013899,75.75895511127624
STU_013900,68.42646648231016
STU_013901,84.79157607923548
STU_013902,67.11084401013386
STU_013903,73.45645765682502
STU_013904,69.99461447362614
STU_013905,89.71401184238027
STU_013906,77.83302894036183
STU_013907,64.65430303607559
STU_013908,63.65542409909358
STU_013909,89.18356327006313
STU_013910,61.59367617426028
STU_013911,82.84902624423034
STU_013912,84.81908955530798
STU_013913,72.52228336243479
STU_013914,62.03054187994144
STU_013915,74.71156850684702
STU_013916,94.15164118663131
STU_013917,50.255735852432736
STU_013918,52.993468615309666
STU_013919,64.73268785878668
STU_013920,75.46590711657223
STU_013921,72.11593061966596
STU_013922,91.10591370376778
STU_013923,84.80407843747025
STU_013924,85.84262101458148
STU_013925,73.25416204396424
STU_013926,79.72472152672458
STU_013927,93.63857494102012
STU_013928,37.71364210805018
STU_013929,63.262788648786454
STU_013930,71.58616072659675
STU_013931,66.29063778622685
STU_013932,70.0989895564685
STU_013933,55.49151758032781
STU_013934,59.26038002074415
STU_013935,78.48564175541742
STU_013936,82.18526238200229
STU_013937,76.2551784316181
STU_013938,80.2154188196364
STU_013939,67.02665161195591
STU_013940,65.5519958896648
STU_013941,74.0590983372424
STU_013942,102.5063965600184
STU_013943,64.02118474476242
STU_013944,86.35390015060648
STU_013945,79.0127264229377
STU_013946,97.23772934464773
STU_013947,79.59707402158665
STU_013948,74.29149767520789
STU_013949,51.022466109478046
STU_013950,79.18178517260344
STU_013951,59.255572229382324
STU_013952,94.77436377278434
STU_013953,72.68664405520667
STU_013954,51.42143846975705
STU_013955,70.04105803591551
STU_013956,81.50554118496802
STU_013957,82.0775611681031
STU_013958,76.20376426911935
STU_013959,71.54859373752834
STU_013960,78.77589156365525
STU_013961,73.024902339155
STU_013962,65.66004051135315
STU_013963,76.67200547269772
STU_013964,82.33644959929507
STU_013965,61.23299343779149
STU_013966,77.17137627063471
STU_013967,72.71585816237939
STU_013968,95.8924720521153
STU_013969,52.84703885635804
STU_013970,91.91922476098807
STU_013971,66.56429461458242
STU_013972,77.26261341486884
STU_013973,77.09361924254904
STU_013974,86.76127449081923
STU_013975,84.39959103302635
STU_013976,71.96961610709741
STU_013977,87.0042879827688
STU_013978,91.846491144467
STU_013979,83.63928174818261
STU_013980,69.8942064249286
STU_013981,76.15909082865983
STU_013982,71.42959151290097
STU_013983,73.864513163428
STU_013984,64.85964667820826
STU_013985,81.53933051383774
STU_013986,71.81355506872637
STU_013987,85.80065798777127
STU_013988,75.22943578553782
STU_013989,69.39269318719175
STU_013990,68.94381479667004
STU_013991,79.64519550920113
STU_013992,75.3895597345188
STU_013993,77.17276032355107
STU_013994,80.51672732909628
STU_013995,55.247446476043706
STU_013996,81.21580957738092
STU_013997,87.5363531604994
STU_013998,67.87602151015017
STU_013999,73.30825439358227
STU_014000,76.49982117686022
STU_014001,70.31114105075835
STU_014002,64.16545435276089
STU_014003,68.29618702444168
STU_014004,67.42018589430018
STU_014005,71.92624457146121
STU_014006,67.62272726461151
STU_014007,84.20615774361772
STU_014008,64.8382864204159
STU_014009,96.5213060597714
STU_014010,72.69171550563851
STU_014011,82.51781719867313
STU_014012,94.15773951305891
STU_014013,55.072280927368865
STU_014014,82.85754920119393
STU_014015,81.99096903998839
STU_014016,70.53629677120625
STU_014017,80.09969538497512
STU_014018,75.73641762082343
STU_014019,83.55441810031425
STU_014020,87.74980852738122
STU_014021,90.16639539184519
STU_014022,74.11099001979096
STU_014023,65.7131777948182
STU_014024,76.75241537709303
STU_014025,83.64811601092106
STU_014026,70.8980219586249
STU_014027,106.77339956227024
STU_014028,81.73362247245313
STU_014029,78.34378795652651
STU_014030,79.71329239606735
STU_014031,71.66789043471567
STU_014032,65.63289629567271
STU_014033,71.26370641370886
STU_014034,89.34654811929454
STU_014035,84.28668117856182
STU_014036,46.71141741398833
STU_014037,54.218693571994436
STU_014038,77.05579069253577
STU_014039,85.73687774681639
STU_014040,72.65951333545627
STU_014041,78.04805393002061
STU_014042,66.02190298979804
STU_014043,65.9742202413463
STU_014044,105.46746449316743
STU_014045,81.53978394909632
STU_014046,58.62321755961693
STU_014047,92.8641097460328
STU_014048,65.78694499222865
STU_014049,83.27557574739126
STU_014050,70.76770438321523
STU_014051,73.98470330093323
STU_014052,79.21823773326628
STU_014053,81.51381464427254
STU_014054,84.16567387345594
STU_014055,101.17608981186515
STU_014056,76.27292401103296
STU_014057,69.21850091030069
STU_014058,73.9122416755165
STU_014059,61.25078876809448
STU_014060,80.40333238585708
STU_014061,65.56013551240835
STU_014062,82.82106379778816
STU_014063,69.8891522336396
STU_014064,65.58339836448431
STU_014065,61.75891441892122
STU_014066,47.57563148434656
STU_014067,100.58837066795866
STU_014068,64.22036475696746
STU_014069,75.6201898866068
STU_014070,78.44245433825927
STU_014071,47.19752728802064
STU_014072,62.68271414344417
STU_014073,79.84391204447661
STU_014074,77.50576704221612
STU_014075,70.78635685783479
STU_014076,64.07201020600496
STU_014077,62.69803484960153
STU_014078,57.454425071797914
STU_014079,74.08550622493976
STU_014080,91.50599312329553
STU_014081,97.1484815610271
STU_014082,78.29124752885355
STU_014083,66.58407851386141
STU_014084,73.15834190492842
STU_014085,104.49224827228852
STU_014086,62.33431674136614
STU_014087,59.78866636536509
STU_014088,71.7269478475157
STU_014089,69.79735229001221
STU_014090,69.73658091194443
STU_014091,89.13787352633199
STU_014092,75.22574991574538
STU_014093,73.65510652503463
STU_014094,71.18641346086474
STU_014095,76.93229373939675
STU_014096,85.16440134399932
STU_014097,86.06257686884078
STU_014098,73.654437832432
STU_014099,73.82935508354376
STU_014100,64.26855722299501
STU_014101,77.01285471189408
STU_014102,78.48892923256767
STU_014103,73.85203628891804
STU_014104,85.39931467921406
STU_014105,49.267991052959815
STU_014106,72.17104088411179
STU_014107,87.1044153335049
STU_014108,81.27861233737349
STU_014109,81.1604505091857
STU_014110,87.14198267247048
STU_014111,81.27569643301604
STU_014112,56.23659906342664
STU_014113,61.717360655412904
STU_014114,60.95263106837183
STU_014115,75.07689153216097
STU_014116,97.9740465930496
STU_014117,69.11457602068208
STU_014118,99.6726056111828
STU_014119,73.42171275458736
STU_014120,69.00783962009473
STU_014121,58.51422019357642
STU_014122,54.69089974208782
STU_014123,61.710464403011656
STU_014124,59.42671552331808
STU_014125,86.63470709981539
STU_014126,70.46774138102228
STU_014127,75.23420983714777
STU_014128,66.77468025074313
STU_014129,84.03242373702051
STU_014130,76.4174683410281
STU_014131,88.06645122820441
STU_014132,79.67193431801525
STU_014133,73.44103519089686
STU_014134,42.73448235942169
STU_014135,81.61653955046677
STU_014136,66.67808243685204
STU_014137,95.31837984563458
STU_014138,53.940288824873505
STU_014139,75.0784515844789
STU_014140,72.97571069703486
STU_014141,87.4331165057049
STU_014142,78.53659353750231
STU_014143,72.11271098699126
STU_014144,95.57932640369336
STU_014145,71.92353050952966
STU_014146,91.68205730370812
STU_014147,81.76839041663538
STU_014148,81.77981357128192
STU_014149,79.83592542064821
STU_014150,66.29235106975216
STU_014151,96.41749921424264
STU_014152,88.34336015225426
STU_014153,58.256427735039324
STU_014154,78.56891004280101
STU_014155,78.48394537391482
STU_014156,86.79480907060224
STU_014157,76.36764963595738
STU_014158,82.13267407700391
STU_014159,78.57938792989125
STU_014160,86.06126231068379
STU_014161,80.50918158627451
STU_014162,91.40762785347522
STU_014163,75.81037024147759
STU_014164,60.76807482064669
STU_014165,95.71031082180946
STU_014166,72.91229307918161
STU_014167,76.33725036148144
STU_014168,69.7343942229179
STU_014169,60.22002384984626
STU_014170,79.38405904861156
STU_014171,85.21358189958664
STU_014172,76.16830047212488
STU_014173,71.52915808692228
STU_014174,75.51239342599797
STU_014175,81.21856585689238
STU_014176,59.70062692402985
STU_014177,76.01660582305544
STU_014178,78.27710040247962
STU_014179,86.430170869525
STU_014180,83.73613803841818
STU_014181,74.0264561770789
STU_014182,97.28401184306233
STU_014183,64.27802254404992
STU_014184,84.68749471678075
STU_014185,75.66173910492034
STU_014186,85.89140543771805
STU_014187,88.92616860817725
STU_014188,74.81776841931651
STU_014189,66.68343859067681
STU_014190,63.81358953710014
STU_014191,63.80305609780362
STU_014192,64.34003875931558
STU_014193,78.42274049404341
STU_014194,65.1359958173557
STU_014195,70.65851911469599
STU_014196,86.27633346950734
STU_014197,68.41283342856127
STU_014198,69.73765985253772
STU_014199,62.39986587940734
STU_014200,70.20538225439782
STU_014201,69.30158068160904
STU_014202,81.45442659667151
STU_014203,66.02354347234404
STU_014204,89.74477966036216
STU_014205,72.26136340879862
STU_014206,71.0067684677424
STU_014207,71.16767672748756
STU_014208,71.28653617116902
STU_014209,70.53056051486192
STU_014210,94.10730896698772
STU_014211,73.30890319070386
STU_014212,100.3744920050409
STU_014213,77.9159803523039
STU_014214,70.91874032482542
STU_014215,70.70344407799462
STU_014216,77.55023053264904
STU_014217,80.09457229501095
STU_014218,105.61795916616018
STU_014219,67.11082744736768
STU_014220,78.2840331376442
STU_014221,76.22296797433773
STU_014222,81.31713430716013
STU_014223,92.40479863179348
STU_014224,91.19374295370028
STU_014225,76.96497522972095
STU_014226,66.91352512907588
STU_014227,74.63463200372621
STU_014228,65.60772061492821
STU_014229,86.17444446642958
STU_014230,88.38172623737228
STU_014231,71.97997622050889
STU_014232,77.5136715473825
STU_014233,63.7220239613921
STU_014234,101.6242934956091
STU_014235,75.16869215973884
STU_014236,70.1127332623305
STU_014237,89.11088608993396
STU_014238,55.945225427186415
STU_014239,89.73073904694854
STU_014240,67.60596091402567
STU_014241,84.91540459744647
STU_014242,83.29517743228371
STU_014243,63.94997758851855
STU_014244,78.75179112823389
STU_014245,81.9530218336638
STU_014246,80.2363281830817
STU_014247,72.2015719428282
STU_014248,82.8685249961361
STU_014249,78.47862799674772
STU_014250,76.70319016885014
STU_014251,80.68167173038546
STU_014252,63.036906478272385
STU_014253,87.20020670765439
STU_014254,70.83635250598559
STU_014255,91.67394629344165
STU_014256,69.56147353100141
STU_014257,71.64885816470928
STU_014258,82.6302432703394
STU_014259,67.68658257573293
STU_014260,82.87041742442943
STU_014261,84.49870067235838
STU_014262,79.50287146518394
STU_014263,55.757238139755145
STU_014264,85.71736242988686
STU_014265,71.1109636574181
STU_014266,81.69630351810724
STU_014267,94.24360619957429
STU_014268,86.08207769000319
STU_014269,73.05825618976087
STU_014270,79.01474605606018
STU_014271,66.19922514096697
STU_014272,72.7442231883897
STU_014273,70.04683555356996
STU_014274,67.58086766732322
STU_014275,85.13500403633043
STU_014276,66.05202343838141
STU_014277,85.51060984192259
STU_014278,58.26919173629926
STU_014279,90.39923705769354
STU_014280,55.60578019331683
STU_014281,89.0805852470628
STU_014282,69.02379962619693
STU_014283,59.91618563759221
STU_014284,74.9579761541263
STU_014285,87.64332770139617
STU_014286,68.51855948430375
STU_014287,73.01152648455809
STU_014288,52.588155011977506
STU_014289,72.84449275102816
STU_014290,72.34423608849261
STU_014291,64.02623055813592
STU_014292,71.38563533925185
STU_014293,77.59675106183022
STU_014294,60.87957311011883
STU_014295,65.46388352437793
STU_014296,60.859429754174016
STU_014297,61.57197737612614
STU_014298,71.51149136522372
STU_014299,78.04484320220263
STU_014300,88.82526767213506
STU_014301,58.61040684184604
STU_014302,99.46332869650723
STU_014303,86.93363173838429
STU_014304,57.37781821530052
STU_014305,85.52486660263708
STU_014306,75.66702863458977
STU_014307,97.90982078992761
STU_014308,77.08831242322799
STU_014309,90.04761511654851
STU_014310,70.96337332906091
STU_014311,94.42917940843597
STU_014312,76.70238864973976
STU_014313,76.1943119341613
STU_014314,61.52366653568879
STU_014315,82.84571807062935
STU_014316,72.91805304146101
STU_014317,73.73703650661764
STU_014318,71.07849431868203
STU_014319,70.09112606295798
STU_014320,69.12175690257072
STU_014321,65.02900007627568
STU_014322,92.79570762075468
STU_014323,96.34740046335708
STU_014324,82.4501012492924
STU_014325,85.18494682893993
STU_014326,76.95927428404548
STU_014327,73.76919097172731
STU_014328,61.663627986877145
STU_014329,88.7553063173508
STU_014330,56.05384527883325
STU_014331,62.788981619647075
STU_014332,56.64760015450065
STU_014333,64.56512362064632
STU_014334,86.56958305555327
STU_014335,78.38681331359021
STU_014336,86.99154780563867
STU_014337,79.75760029449089
STU_014338,66.27340149070824
STU_014339,63.21795327317477
STU_014340,65.95424468698093
STU_014341,91.7665579762006
STU_014342,69.06643887786436
STU_014343,72.11909002219863
STU_014344,50.39926241436069
STU_014345,75.41240219768224
STU_014346,84.94675729292635
STU_014347,67.65739502370525
STU_014348,76.30697973251995
STU_014349,69.29726205271504
STU_014350,68.32077305469215
STU_014351,81.6127303865153
STU_014352,79.86764875162135
STU_014353,89.24043994589817
STU_014354,86.69255951715809
STU_014355,60.42385961883451
STU_014356,57.08658443540139
STU_014357,87.2701448390726
STU_014358,54.34188627683034
STU_014359,73.99864223163581
STU_014360,64.04474753647355
STU_014361,71.44140437014698
STU_014362,97.93906348615519
STU_014363,42.316253847950975
STU_014364,78.93248306621535
STU_014365,66.12870059865031
STU_014366,74.42620372256647
STU_014367,70.23425825543018
STU_014368,86.26418583406053
STU_014369,88.07755704388455
STU_014370,99.49989976434108
STU_014371,73.13083262878536
STU_014372,86.43435488161276
STU_014373,61.421412452313916
STU_014374,75.75704018129682
STU_014375,80.11613989989246
STU_014376,98.89794597975344
STU_014377,80.22617182562999
STU_014378,95.46008854872434
STU_014379,76.56952025315377
STU_014380,79.70820553679187
STU_014381,54.59529003647208
STU_014382,79.3100005848521
STU_014383,73.35291978164241
STU_014384,89.08653125046362
STU_014385,88.54709647531149
STU_014386,63.92158237365152
STU_014387,81.89628087157303
STU_014388,65.67177250149916
STU_014389,71.85371940853497
STU_014390,72.34110967556398
STU_014391,47.92703030711368
STU_014392,89.92462583218321
STU_014393,88.6800384583862
STU_014394,77.01949641497572
STU_014395,91.71827130752388
STU_014396,84.37058516530874
STU_014397,79.83434868960126
STU_014398,103.95010663320704
STU_014399,73.18820277977352
STU_014400,91.3293931539099
STU_014401,81.36528727734822
STU_014402,78.42834266607406
STU_014403,80.64569439243678
STU_014404,75.2489222344725
STU_014405,63.953063421059596
STU_014406,79.28171412234929
STU_014407,104.33045832969788
STU_014408,64.99353913342111
STU_014409,64.41931770222959
STU_014410,69.7523624109067
STU_014411,61.11626090181903
STU_014412,74.94982096238095
STU_014413,78.10114608594722
STU_014414,66.43645661978098
STU_014415,71.93670291950434
STU_014416,79.03111253960219
STU_014417,81.7652356328133
STU_014418,94.30360888264306
STU_014419,54.26666636955724
STU_014420,85.8291352713743
STU_014421,94.22418125650927
STU_014422,68.97699701445981
STU_014423,85.95279128736138
STU_014424,79.59048672444283
STU_014425,100.28497265607382
STU_014426,69.76657459934404
STU_014427,83.71511233435717
STU_014428,92.04991952356204
STU_014429,88.394586703389
STU_014430,64.05776174515472
STU_014431,63.88804116993538
STU_014432,74.25220964560708
STU_014433,72.6380467650904
STU_014434,79.19382962426562
STU_014435,93.86303077500952
STU_014436,63.371029063412834
STU_014437,69.5881922328872
STU_014438,74.65377218272943
STU_014439,77.70369526758168
STU_014440,44.35418541196782
STU_014441,64.09563910123666
STU_014442,72.01283176608831
STU_014443,61.06835552947223
STU_014444,57.57104381213685
STU_014445,70.05874908664282
STU_014446,72.86197632689596
STU_014447,94.81936455815162
STU_014448,65.83514561076663
STU_014449,55.549255959602306
STU_014450,74.39839410778609
STU_014451,85.93840666979486
STU_014452,88.67428780259365
STU_014453,107.29805051265635
STU_014454,86.49023140246254
STU_014455,91.60042061830154
STU_014456,78.39221410107302
STU_014457,68.12167733502974
STU_014458,70.08609671391082
STU_014459,72.70266943243496
STU_014460,100.42692684632118
STU_014461,87.42147820733999
STU_014462,83.05528142949879
STU_014463,82.73103231303071
STU_014464,78.14401635915442
STU_014465,86.93058068184223
STU_014466,66.47501388557589
STU_014467,79.40932862838667
STU_014468,79.18751871560107
STU_014469,81.2649878151642
STU_014470,79.9262858193074
STU_014471,81.26714850921985
STU_014472,70.93399714050383
STU_014473,57.019619633405455
STU_014474,80.39884856951994
STU_014475,63.452618624106435
STU_014476,65.62205124889988
STU_014477,82.9631920798015
STU_014478,76.9116446944879
STU_014479,89.068467967978
STU_014480,71.92485731325951
STU_014481,87.48921954047842
STU_014482,62.30356172682241
STU_014483,89.39518708169123
STU_014484,50.2163236625679
STU_014485,75.47900566751673
STU_014486,85.45735508360804
STU_014487,80.27301372390889
STU_014488,75.18849067985457
STU_014489,55.04995426236178
STU_014490,85.75652037280861
STU_014491,83.14252791604349
STU_014492,73.98177776514194
STU_014493,61.6158696031257
STU_014494,84.15553399319947
STU_014495,71.39255909414624
STU_014496,69.05786849117612
STU_014497,68.04025977304968
STU_014498,89.42084479686605
STU_014499,84.23999127367188
STU_014500,67.8778954885247
STU_014501,66.67808796416693
STU_014502,68.08796975860764
STU_014503,76.12114090526347
STU_014504,99.44332838247885
STU_014505,78.20029727191286
STU_014506,71.28414238915775
STU_014507,77.58159460156503
STU_014508,53.620901255025046
STU_014509,74.01942760445377
STU_014510,62.52250464892268
STU_014511,90.14043662080553
STU_014512,72.92100619313169
STU_014513,79.37311352573033
STU_014514,83.33456178209849
STU_014515,71.25927199144235
STU_014516,71.85769922361237
STU_014517,79.91352323389037
STU_014518,76.33781228180669
STU_014519,63.387741933093594
STU_014520,75.6414609392616
STU_014521,90.71347020232736
STU_014522,63.62282227007199
STU_014523,90.08332002477403
STU_014524,83.89144857629708
STU_014525,66.47725190952406
STU_014526,79.40885147874928
STU_014527,48.93441443522147
STU_014528,74.51896191740343
STU_014529,83.36644100721378
STU_014530,72.1289208242406
STU_014531,71.94714985496262
STU_014532,90.96612909879138
STU_014533,94.51847907602848
STU_014534,94.84552217979865
STU_014535,96.24616132247525
STU_014536,89.36275550758535
STU_014537,78.97944044819383
STU_014538,65.36985762569816
STU_014539,71.4375043373825
STU_014540,56.54700652824931
STU_014541,87.30166671290272
STU_014542,62.49293805629509
STU_014543,79.04533034034307
STU_014544,69.94756973610947
STU_014545,67.16902856688375
STU_014546,56.38507253856733
STU_014547,65.55756536770014
STU_014548,86.25299297814081
STU_014549,90.64477602185934
STU_014550,78.97340891707745
STU_014551,67.10260317933034
STU_014552,67.22418205463032
STU_014553,78.85254488484429
STU_014554,75.532275631939
STU_014555,63.18809839583378
STU_014556,86.29532805949452
STU_014557,76.76119894519456
STU_014558,67.76626794763774
STU_014559,80.41774477509875
STU_014560,92.4211131147913
STU_014561,69.72494513097536
STU_014562,68.92207149002365
STU_014563,77.63649061672209
STU_014564,94.43003765058529
STU_014565,64.40226045037116
STU_014566,88.43558665951002
STU_014567,66.20576098811694
STU_014568,68.29115620425546
STU_014569,74.61630493958819
STU_014570,54.90852568363698
STU_014571,69.05596562865708
STU_014572,74.29512103266052
STU_014573,78.64969798587708
STU_014574,64.78624462637595
STU_014575,58.00322987512186
STU_014576,70.90338848829902
STU_014577,61.45107970893628
STU_014578,61.44576610636091
STU_014579,75.64764057123261
STU_014580,81.2577150081056
STU_014581,80.98255057331721
STU_014582,81.17044507908395
STU_014583,71.37795098334618
STU_014584,82.46211136605712
STU_014585,76.96984838456979
STU_014586,78.518864722113
STU_014587,52.05890843177849
STU_014588,81.41815327204108
STU_014589,56.774662968736266
STU_014590,63.91880432148719
STU_014591,86.90481186845705
STU_014592,71.08214471306815
STU_014593,87.74771299491726
STU_014594,94.56950765515239
STU_014595,55.58502199117629
STU_014596,104.00755397799833
STU_014597,76.47124485519271
STU_014598,63.35395997471437
STU_014599,78.56574888967157
STU_014600,58.74051240531776
STU_014601,77.75716938907317
STU_014602,94.05111761985518
STU_014603,52.16668531458254
STU_014604,85.50273972776858
STU_014605,88.81193109850437
STU_014606,63.85580218988957
STU_014607,77.9083908444643
STU_014608,60.72758981432207
STU_014609,80.22408096363665
STU_014610,85.7974690148385
STU_014611,82.70824612210777
STU_014612,70.60978808414666
STU_014613,77.55290845597324
STU_014614,82.71285998619919
STU_014615,77.04646421611528
STU_014616,89.8845814838611
STU_014617,63.68141286433138
STU_014618,85.5911256665836
STU_014619,79.73939888218456
STU_014620,80.32564307560119
STU_014621,70.22686727760106
STU_014622,92.8924258010893
STU_014623,74.81625231995554
STU_014624,84.16202277878801
STU_014625,74.84268348284672
STU_014626,89.19873579804403
STU_014627,67.58806644676383
STU_014628,57.59852839904397
STU_014629,78.54879562120209
STU_014630,73.26462444892582
STU_014631,62.50032452142568
STU_014632,74.79686809487589
STU_014633,74.56184307195963
STU_014634,92.98523180240727
STU_014635,70.68756689564384
STU_014636,43.584299568976576
STU_014637,86.17345325894598
STU_014638,69.88884888006146
STU_014639,75.18080339465791
STU_014640,61.5454336419225
STU_014641,63.32747939873616
STU_014642,85.28444632203878
STU_014643,56.23565227241079
STU_014644,94.69661376705801
STU_014645,79.16865031895554
STU_014646,88.26167967397896
STU_014647,86.35409622252655
STU_014648,79.16178879989025
STU_014649,96.48174739609578
STU_014650,74.78984515783941
STU_014651,67.64355702417834
STU_014652,86.24089353039312
STU_014653,78.54974085031768
STU_014654,84.23717335653942
STU_014655,49.06340720359026
STU_014656,68.1641080046902
STU_014657,50.137953980313114
STU_014658,80.00196523497675
STU_014659,72.85713256889426
STU_014660,69.36072071620197
STU_014661,51.70435175587022
STU_014662,72.54790916117781
STU_014663,74.96482171157209
STU_014664,54.74082428273641
STU_014665,79.9909167225976
STU_014666,82.81702512693914
STU_014667,74.54931692824039
STU_014668,58.36708838321965
STU_014669,80.78304197311331
STU_014670,103.131035666039
STU_014671,78.68155125152498
STU_014672,88.85470118494993
STU_014673,93.62237129121957
STU_014674,88.66441367178561
STU_014675,81.59778854382898
STU_014676,80.84058324877446
STU_014677,70.18165902695455
STU_014678,74.73723227202686
STU_014679,69.06004306649788
STU_014680,55.65765993451578
STU_014681,89.22166862254983
STU_014682,50.47159456026111
STU_014683,73.69008263339379
STU_014684,65.46862997456265
STU_014685,69.81615605847514
STU_014686,82.62305938574218
STU_014687,91.06813079773246
STU_014688,88.98150619278601
STU_014689,71.0523939803536
STU_014690,67.93325834485086
STU_014691,80.69439404219293
STU_014692,82.30168159859136
STU_014693,65.94473835067902
STU_014694,79.27958834624087
STU_014695,103.92605732048332
STU_014696,38.62227124253468
STU_014697,72.35389394589379
STU_014698,84.93959183689253
STU_014699,69.32201688670443
STU_014700,86.72602437098772
STU_014701,74.16074060711935
STU_014702,84.70549964544307
STU_014703,77.6301228503819
STU_014704,94.11109575807518
STU_014705,80.01197824305314
STU_014706,83.25214930632706
STU_014707,94.29767210799616
STU_014708,111.65197991213483
STU_014709,85.53131830466396
STU_014710,51.43108246657516
STU_014711,72.31523707974998
STU_014712,76.59243269789954
STU_014713,44.71154872878628
STU_014714,79.65702600900522
STU_014715,74.26465126580001
STU_014716,70.90370921391468
STU_014717,57.76795540856665
STU_014718,58.17852436197177
STU_014719,90.21661518864471
STU_014720,79.76872256283468
STU_014721,62.40152272476939
STU_014722,71.10613554936549
STU_014723,95.4308032049887
STU_014724,91.89933840833703
STU_014725,75.04050225309243
STU_014726,68.44702043457437
STU_014727,58.48972237180146
STU_014728,91.1605080630004
STU_014729,80.72758290752245
STU_014730,58.95828627487572
STU_014731,65.68793354234504
STU_014732,78.5124340602008
STU_014733,77.81455287729364
STU_014734,66.34671959243087
STU_014735,95.06301678877242
STU_014736,78.78886876067054
STU_014737,76.69331494419043
STU_014738,73.43877731332896
STU_014739,76.7801868837771
STU_014740,77.26012469866419
STU_014741,75.95721574549316
STU_014742,90.27182721225233
STU_014743,97.01766253694848
STU_014744,71.75456560545899
STU_014745,81.40885214823288
STU_014746,39.26770073841294
STU_014747,67.13177027937309
STU_014748,92.18931398558186
STU_014749,91.15909861373643
STU_014750,80.50186272103247
STU_014751,84.54192626117083
STU_014752,85.09150300082501
STU_014753,56.60056444559814
STU_014754,100.21289541558303
STU_014755,69.78030831374349
STU_014756,74.73421448302247
STU_014757,75.66968503097792
STU_014758,97.30852274273377
STU_014759,68.02829875569819
STU_014760,75.11765710844429
STU_014761,75.2229432680474
STU_014762,104.62978171221243
STU_014763,89.88401623486175
STU_014764,98.87563758032638
STU_014765,79.94847714236425
STU_014766,80.62623178259855
STU_014767,67.52567396276027
STU_014768,71.60005563436175
STU_014769,89.50504445760771
STU_014770,77.74707393960739
STU_014771,74.88241897003832
STU_014772,74.50399538571878
STU_014773,89.51225126730515
STU_014774,80.41028858041432
STU_014775,76.75255909151224
STU_014776,75.47612355860633
STU_014777,82.19867725051063
STU_014778,76.01752890361695
STU_014779,78.47371623752474
STU_014780,64.64003289800462
STU_014781,80.2260850245134
STU_014782,84.30238268504559
STU_014783,91.18659080764189
STU_014784,87.21985841733499
STU_014785,88.49701470219713
STU_014786,80.46085170041147
STU_014787,80.68143573180578
STU_014788,91.66608682133267
STU_014789,77.14935207884923
STU_014790,75.0583704346052
STU_014791,65.81835171949206
STU_014792,59.609961422962215
STU_014793,71.36182825505398
STU_014794,65.08637096386087
STU_014795,81.66053187232319
STU_014796,79.20045870573836
STU_014797,72.6504712081819
STU_014798,84.91497444899619
STU_014799,101.4103235223472
STU_014800,77.35410934092965
STU_014801,83.26403279140209
STU_014802,65.59038718597412
STU_014803,83.29712510372269
STU_014804,77.36357058525277
STU_014805,77.88875010279708
STU_014806,72.13473642416875
STU_014807,68.00985107909423
STU_014808,76.47140229838692
STU_014809,46.668417523842436
STU_014810,87.94444684971904
STU_014811,91.16807605129907
STU_014812,77.63100969275979
STU_014813,65.4559218578047
STU_014814,66.20274368947594
STU_014815,58.55905429021368
STU_014816,82.55367059320588
STU_014817,84.9250491197015
STU_014818,57.574658293958464
STU_014819,79.56885884945837
STU_014820,73.3449305436859
STU_014821,59.180852560205494
STU_014822,93.2546494891659
STU_014823,67.29175881321908
STU_014824,83.89246337150507
STU_014825,79.48679863850907
STU_014826,84.14836371271781
STU_014827,63.970337442151504
STU_014828,78.60206158503911
STU_014829,78.86595554559062
STU_014830,85.15808240006936
STU_014831,85.49222149350248
STU_014832,66.72271360908348
STU_014833,61.50250383744469
STU_014834,82.7670524610055
STU_014835,79.85207525328087
STU_014836,88.67093069349141
STU_014837,73.99370024964992
STU_014838,76.53766990811255
STU_014839,86.65775282022287
STU_014840,81.01462474685172
STU_014841,94.28099921716148
STU_014842,62.39143041608463
STU_014843,71.49312913734138
STU_014844,95.90623179915485
STU_014845,70.4464748525786
STU_014846,81.8130677430454
STU_014847,76.99903650732267
STU_014848,58.44130788069401
STU_014849,71.11704952813807
STU_014850,74.62624060043163
STU_014851,86.60959395095847
STU_014852,79.21663528032559
STU_014853,75.26195584040443
STU_014854,68.0217774417556
STU_014855,77.65252188198929
STU_014856,75.1731072622656
STU_014857,80.17168374947323
STU_014858,68.2882096590638
STU_014859,84.38427450762038
STU_014860,40.807574358656666
STU_014861,83.48818710785281
STU_014862,93.04868533621527
STU_014863,80.91522941679773
STU_014864,80.59381204618717
STU_014865,66.78015470042283
STU_014866,71.0841152562507
STU_014867,78.34621271215292
STU_014868,96.83619211139182
STU_014869,96.06507147435434
STU_014870,76.87169792403392
STU_014871,79.45181084244473
STU_014872,83.04610241858745
STU_014873,71.94818158326643
STU_014874,65.83436383807202
STU_014875,87.79831306424558
STU_014876,55.213412279218346
STU_014877,61.23464050902294
STU_014878,56.330970977295465
STU_014879,80.26657653130087
STU_014880,81.87182521563273
STU_014881,75.5713694352753
STU_014882,76.44052947284013
STU_014883,81.01074012821027
STU_014884,73.25299120486648
STU_014885,83.44101402622027
STU_014886,69.41555008460568
STU_014887,75.05405363836144
STU_014888,88.4812257910072
STU_014889,74.84313020432637
STU_014890,90.85935423256183
STU_014891,74.05544659489192
STU_014892,80.16179966813093
STU_014893,63.94026760540487
STU_014894,78.22596395916867
STU_014895,58.582079816076885
STU_014896,74.90401832461066
STU_014897,76.13772782974729
STU_014898,82.89797401239912
STU_014899,64.82425427189423
STU_014900,96.85656811993294
STU_014901,83.00422803300648
STU_014902,82.08301055833772
STU_014903,90.7634767290291
STU_014904,83.61124751521879
STU_014905,88.2250576361912
STU_014906,80.59573680666153
STU_014907,55.993903631616604
STU_014908,77.92752417390057
STU_014909,82.35368166297462
STU_014910,70.46024631715613
STU_014911,93.58885734164983
STU_014912,83.93495481514947
STU_014913,73.30696289325579
STU_014914,54.97451184868419
STU_014915,60.97025238902256
STU_014916,67.16741091786434
STU_014917,90.88212811897279
STU_014918,92.79975421670804
STU_014919,63.09769023648687
STU_014920,88.10755674773145
STU_014921,65.2313616423537
STU_014922,53.17019572271761
STU_014923,68.81856454241233
STU_014924,79.64465837666489
STU_014925,93.4419515602383
STU_014926,76.98515340915446
STU_014927,78.89029218649625
STU_014928,56.96074297890095
STU_014929,81.50806681215022
STU_014930,75.82680605100836
STU_014931,93.9632472865685
STU_014932,69.36853608189926
STU_014933,75.63407286644724
STU_014934,70.47788291415168
STU_014935,78.21902776242746
STU_014936,76.53568756437107
STU_014937,80.42691229926595
STU_014938,99.56242788113423
STU_014939,73.74447551419257
STU_014940,94.19922958896541
STU_014941,58.01241735018607
STU_014942,90.43611824893605
STU_014943,68.14163900395488
STU_014944,67.72917790099496
STU_014945,63.227774740576024
STU_014946,74.1358468957842
STU_014947,69.90550687691734
STU_014948,90.30727777964569
STU_014949,69.52969624103002
STU_014950,89.21596554843552
STU_014951,74.03288118157525
STU_014952,75.72560215225417
STU_014953,84.40009590523437
STU_014954,86.7121350155187
STU_014955,90.22518615382944
STU_014956,73.2304538793287
STU_014957,77.2130525837581
STU_014958,71.30355408673631
STU_014959,59.55453588332057
STU_014960,95.0885155730931
STU_014961,83.32321015984462
STU_014962,53.394655285770796
STU_014963,75.28499362882371
STU_014964,89.16487013278618
STU_014965,79.12498946040796
STU_014966,71.85109686041005
STU_014967,53.81596027882006
STU_014968,91.51039102407265
STU_014969,79.03696716460377
STU_014970,71.73850559823745
STU_014971,66.06344171755859
STU_014972,91.72252435981727
STU_014973,72.38174820101926
STU_014974,68.82699259045194
STU_014975,70.21222266976679
STU_014976,83.31101087784032
STU_014977,79.27004907233413
STU_014978,86.69232840629115
STU_014979,87.32282231148747
STU_014980,65.09834440761415
STU_014981,87.36287490669702
STU_014982,71.29171611226457
STU_014983,83.94708579635608
STU_014984,65.6507505650286
STU_014985,67.24818798181377
STU_014986,56.69428895876149
STU_014987,94.87022369494593
STU_014988,68.61867792939529
STU_014989,99.41494059114598
STU_014990,86.04446381348475
STU_014991,89.32986793559519
STU_014992,67.30453737395328
STU_014993,58.698801754393344
STU_014994,86.71457029633098
STU_014995,82.63091143210977
STU_014996,72.18983618818629
STU_014997,79.29737340729253
STU_014998,82.35706207460316
STU_014999,89.9352227061604
STU_015000,77.25314071770299
STU_015001,60.47660902980442
STU_015002,70.221756746236
STU_015003,62.61807709641698
STU_015004,60.85109118182072
STU_015005,64.11466234490945
STU_015006,67.29541359259088
STU_015007,83.0166898909315
STU_015008,74.9244334855
STU_015009,79.52213414562243
STU_015010,74.27612175280274
STU_015011,55.427622988697976
STU_015012,94.55491294782496
STU_015013,70.83152135659839
STU_015014,64.72084440694402
STU_015015,84.32869990111521
STU_015016,86.90555160309236
STU_015017,96.08270203989503
STU_015018,73.35610772448285
STU_015019,85.67151816816136
STU_015020,66.41712928205038
STU_015021,77.55697054953612
STU_015022,71.6400882631226
STU_015023,72.11594566635017
STU_015024,67.41230603188887
STU_015025,81.53545076783462
STU_015026,76.2862333126443
STU_015027,78.316145124694
STU_015028,71.44172422881184
STU_015029,69.43940029475539
STU_015030,89.63100552624667
STU_015031,80.77871951494967
STU_015032,70.17342515153837
STU_015033,74.32438102611468
STU_015034,73.056737050538
STU_015035,81.91102448041079
STU_015036,74.6462679213555
STU_015037,83.05121753755384
STU_015038,83.49751770767693
STU_015039,68.35699221761615
STU_015040,78.60285864632328
STU_015041,78.8293625986048
STU_015042,53.17062748724766
STU_015043,80.2511777934285
STU_015044,86.1761627742867
STU_015045,88.09063988309777
STU_015046,68.70409426789502
STU_015047,78.84805593109968
STU_015048,70.37348712775656
STU_015049,74.3190041849466
STU_015050,57.036828559057994
STU_015051,66.31713084463377
STU_015052,65.23470484494305
STU_015053,70.17370120618443
STU_015054,86.5605707386103
STU_015055,79.99021864088672
STU_015056,65.19597955216113
STU_015057,97.33761410577688
STU_015058,66.01588289604479
STU_015059,99.11823626856346
STU_015060,77.80286119378093
STU_015061,75.83653810372812
STU_015062,73.07221713367562
STU_015063,71.63445675748721
STU_015064,66.78151267152111
STU_015065,98.45211302277585
STU_015066,81.73647086261576
STU_015067,74.86865437520237
STU_015068,66.80055381132752
STU_015069,79.54686077146494
STU_015070,68.99056538765672
STU_015071,75.09044971063167
STU_015072,110.15317904915128
STU_015073,68.01305139216811
STU_015074,64.38735193137586
STU_015075,93.81571892222087
STU_015076,76.04399624279517
STU_015077,69.19418620948409
STU_015078,68.8663120720339
STU_015079,102.83894441365476
STU_015080,68.30230588396944
STU_015081,94.30918415076735
STU_015082,66.19073862101163
STU_015083,80.72353670200914
STU_015084,66.35503308629382
STU_015085,74.82378468516481
STU_015086,69.5262601164859
STU_015087,64.54185231654901
STU_015088,92.38390123765532
STU_015089,78.81302446069253
STU_015090,81.88311698419466
STU_015091,75.61396328687579
STU_015092,83.02555899059575
STU_015093,90.44096638436724
STU_015094,64.93882111574021
STU_015095,67.83855444345909
STU_015096,92.26503018263827
STU_015097,78.71947486402587
STU_015098,66.26951811100821
STU_015099,55.63390911306169
STU_015100,81.8117771009147
STU_015101,78.85290391357012
STU_015102,77.08906107813254
STU_015103,98.63238149766335
STU_015104,80.67881974682518
STU_015105,89.34553325683237
STU_015106,75.74046615676139
STU_015107,68.4580443645159
STU_015108,78.92869390335159
STU_015109,80.72412824531807
STU_015110,83.96811409393172
STU_015111,61.43741256586463
STU_015112,81.15925542041623
STU_015113,60.83722420075128
STU_015114,76.6766069108387
STU_015115,66.30945715044459
STU_015116,93.60941488676747
STU_015117,65.2668994742487
STU_015118,60.738106227857315
STU_015119,86.1291990294419
STU_015120,84.61960515757164
STU_015121,63.236119066404626
STU_015122,114.17244387101857
STU_015123,73.30985033367051
STU_015124,80.03360339679921
STU_015125,76.23874142924637
STU_015126,66.05987948562097
STU_015127,81.0930017136684
STU_015128,76.98570843547554
STU_015129,70.93708177973303
STU_015130,71.81226646594382
STU_015131,80.54020651273959
STU_015132,85.16591161135693
STU_015133,87.84408153337154
STU_015134,89.45556607892252
STU_015135,86.6679512487924
STU_015136,78.03760362183516
STU_015137,74.97004187126231
STU_015138,70.02531393333902
STU_015139,80.94194640487103
STU_015140,90.27348638807246
STU_015141,69.08407674009868
STU_015142,78.66485328902081
STU_015143,95.98048678051259
STU_015144,81.37546439541597
STU_015145,63.26886388802768
STU_015146,88.79078530023867
STU_015147,78.67286794641495
STU_015148,67.36167538951531
STU_015149,68.55050751927706
STU_015150,42.334499549465136
STU_015151,61.21297454213345
STU_015152,73.36950709941607
STU_015153,58.92173960185369
STU_015154,82.31841700862401
STU_015155,84.52013638395488
STU_015156,69.57897046853054
STU_015157,70.3363022212136
STU_015158,83.95599026910986
STU_015159,50.25079801688639
STU_015160,87.04457846438117
STU_015161,66.33337963390136
STU_015162,71.75586542859787
STU_015163,80.18848292505004
STU_015164,40.225803199583424
STU_015165,79.63288606139076
STU_015166,94.05271310186424
STU_015167,86.58606861938142
STU_015168,59.250211616935076
STU_015169,91.65051474810389
STU_015170,70.40604283146854
STU_015171,91.98798080333756
STU_015172,65.25259009316642
STU_015173,76.41097139325302
STU_015174,87.8650885162217
STU_015175,73.10527847071444
STU_015176,100.82235010788611
STU_015177,76.22595100628928
STU_015178,70.69307594198153
STU_015179,73.85090139284694
STU_015180,58.676148406503444
STU_015181,79.49310251053839
STU_015182,78.7926089187431
STU_015183,86.89215524446809
STU_015184,64.85206497767149
STU_015185,88.73424876704178
STU_015186,70.49252126641886
STU_015187,58.54800070852821
STU_015188,71.87966280636078
STU_015189,88.46844352186963
STU_015190,90.44025019669334
STU_015191,74.21102272798475
STU_015192,97.95275653095473
STU_015193,81.77294076781868
STU_015194,89.7625597988482
STU_015195,82.35001717369164
STU_015196,75.54276831969696
STU_015197,75.23394239907657
STU_015198,80.01466966433054
STU_015199,80.2584715647829
STU_015200,74.61082076557773
STU_015201,76.11632038982657
STU_015202,76.63287125275247
STU_015203,65.15532694989156
STU_015204,82.51856856310724
STU_015205,79.64658875738269
STU_015206,74.90535253510961
STU_015207,87.65381358813647
STU_015208,74.80675728792994
STU_015209,83.12521895869827
STU_015210,86.78558766534888
STU_015211,53.85695275321973
STU_015212,86.97960961777062
STU_015213,69.55415920420523
STU_015214,87.70733114378845
STU_015215,79.77274581742881
STU_015216,87.62651499390836
STU_015217,57.24694862734759
STU_015218,77.44930790113949
STU_015219,73.64065112964045
STU_015220,52.15178970564307
STU_015221,85.20791140970732
STU_015222,67.5765226432818
STU_015223,80.63857126543121
STU_015224,79.17163562205269
STU_015225,72.37282093517479
STU_015226,71.05019130591745
STU_015227,68.77871418575296
STU_015228,83.20192609004948
STU_015229,75.462729268967
STU_015230,72.37635719177979
STU_015231,93.80192010312328
STU_015232,84.10872317339954
STU_015233,81.89419589135719
STU_015234,71.6275941569113
STU_015235,71.46683725449225
STU_015236,93.89623039908861
STU_015237,84.66117243423423
STU_015238,82.29722425339833
STU_015239,90.85247118953555
STU_015240,70.08944611470383
STU_015241,42.62343776759508
STU_015242,51.75909191990627
STU_015243,81.64571581244218
STU_015244,80.35492210229495
STU_015245,65.1005873589304
STU_015246,95.11760039729086
STU_015247,82.34283683338663
STU_015248,81.0677557649924
STU_015249,74.78923657234532
STU_015250,90.3294391568894
STU_015251,66.09441704543269
STU_015252,92.54825382877084
STU_015253,88.49762201179237
STU_015254,91.30855769350183
STU_015255,64.94241949045886
STU_015256,64.8111304639092
STU_015257,75.59371069484337
STU_015258,88.09124702626673
STU_015259,87.73054580580265
STU_015260,92.98205080813602
STU_015261,84.48259778949932
STU_015262,82.45165530623399
STU_015263,86.59825971620262
STU_015264,79.9986281212839
STU_015265,90.5485560919501
STU_015266,67.55144817028918
STU_015267,81.33369970383865
STU_015268,64.36680931793671
STU_015269,65.52477788488227
STU_015270,69.89028627482685
STU_015271,76.59071724313708
STU_015272,70.164787951177
STU_015273,86.60709569614278
STU_015274,78.1426748705685
STU_015275,46.36014726539088
STU_015276,58.20913261908754
STU_015277,67.66425014510037
STU_015278,98.82492575809943
STU_015279,52.86451771341399
STU_015280,88.07127793394693
STU_015281,92.2179801547494
STU_015282,86.67142963828837
STU_015283,88.36797548860613
STU_015284,74.94631313317518
STU_015285,44.53718914449928
STU_015286,83.59358591300793
STU_015287,79.51996986907852
STU_015288,82.94625868347953
STU_015289,68.57255778652598
STU_015290,77.47500889893081
STU_015291,77.73611126041806
STU_015292,69.27395371970283
STU_015293,63.92612542779307
STU_015294,75.48795898500634
STU_015295,81.72256154028969
STU_015296,69.88140433849799
STU_015297,77.60061353206402
STU_015298,85.11818523535408
STU_015299,73.42147532330068
STU_015300,87.7830687471178
STU_015301,79.28948214939169
STU_015302,81.99809679498617
STU_015303,70.87279121517054
STU_015304,57.3042381323628
STU_015305,73.40114805752182
STU_015306,82.25010266318691
STU_015307,88.14234165772632
STU_015308,60.27168250021964
STU_015309,77.7090408092613
STU_015310,83.0335257371255
STU_015311,68.20301129714426
STU_015312,78.34961412551638
STU_015313,67.94288964847465
STU_015314,85.50677722649993
STU_015315,74.79406448469103
STU_015316,94.51588415607796
STU_015317,75.47165092166097
STU_015318,82.73356595799578
STU_015319,72.6897256468294
STU_015320,79.25579723664305
STU_015321,65.13685262768217
STU_015322,87.68652268209121
STU_015323,81.40144766845856
STU_015324,67.34934555187829
STU_015325,77.08693246285065
STU_015326,66.48134013679373
STU_015327,83.25519247715192
STU_015328,71.17430207861617
STU_015329,68.72865599993543
STU_015330,75.33031912308184
STU_015331,63.91936585135841
STU_015332,99.38705890378651
STU_015333,72.03922674489263
STU_015334,80.84443119228195
STU_015335,86.67339963186123
STU_015336,81.2634813156094
STU_015337,66.52979903107098
STU_015338,61.0198795785916
STU_015339,71.58179502381176
STU_015340,94.64079751934412
STU_015341,84.44263722675464
STU_015342,110.47649619605897
STU_015343,85.94724744984433
STU_015344,97.82592996458959
STU_015345,105.86892695290123
STU_015346,86.70997319320213
STU_015347,90.77015539503918
STU_015348,75.45759500448912
STU_015349,82.07757061210964
STU_015350,82.04283005462707
STU_015351,109.14949757020497
STU_015352,85.19605294887606
STU_015353,78.27359201605464
STU_015354,61.431691436748224
STU_015355,58.75269744098455
STU_015356,65.25274600703483
STU_015357,74.41723613850127
STU_015358,82.0818480238836
STU_015359,84.19310485647725
STU_015360,88.3027765055374
STU_015361,80.76084949862184
STU_015362,83.18475305945162
STU_015363,81.60100001320734
STU_015364,86.22286661394219
STU_015365,74.26408523086843
STU_015366,93.63512007185454
STU_015367,80.31192145641967
STU_015368,75.64111499656838
STU_015369,97.00015428639404
STU_015370,94.63075554079148
STU_015371,62.74712032940761
STU_015372,70.26988426015532
STU_015373,81.96312750419929
STU_015374,87.52848676659733
STU_015375,70.03716510911954
STU_015376,73.16635988300459
STU_015377,84.3758275272653
STU_015378,67.67341935295349
STU_015379,101.65435032857215
STU_015380,87.74548070458127
STU_015381,89.65314972284523
STU_015382,82.48209613848508
STU_015383,62.35776660216038
STU_015384,76.39443298534957
STU_015385,64.65340485060096
STU_015386,79.74815553529174
STU_015387,65.54029501000923
STU_015388,77.82999290350426
STU_015389,105.66524784496141
STU_015390,53.94330600812373
STU_015391,87.87536108538734
STU_015392,92.49344510111337
STU_015393,83.22681272970158
STU_015394,75.22689569338331
STU_015395,79.33383379468091
STU_015396,77.94308011910539
STU_015397,92.13704822115767
STU_015398,73.01333188245894
STU_015399,91.45799420916762
STU_015400,92.9593529494424
STU_015401,87.62943518477891
STU_015402,71.73479293359583
STU_015403,62.31775239602848
STU_015404,77.02214559909953
STU_015405,79.16998212357112
STU_015406,84.66677209125442
STU_015407,82.2056400187505
STU_015408,37.43655661057164
STU_015409,75.58748613629791
STU_015410,65.77015806057034
STU_015411,70.2421530092397
STU_015412,68.64419297313225
STU_015413,81.3268458624616
STU_015414,68.9036350284955
STU_015415,69.5548114698995
STU_015416,87.49831726486286
STU_015417,61.58882562835856
STU_015418,81.65460632614008
STU_015419,53.4325248078419
STU_015420,70.81158203995415
STU_015421,92.74787762380413
STU_015422,81.36232884595438
STU_015423,91.04404183794259
STU_015424,92.62354372152515
STU_015425,86.87797228956606
STU_015426,69.45361089287076
STU_015427,65.69170384484778
STU_015428,72.3367902233324
STU_015429,76.43968902850656
STU_015430,49.6778841221726
STU_015431,67.54741267535246
STU_015432,85.04385552913004
STU_015433,75.8064244208415
STU_015434,62.002181260177395
STU_015435,66.05313924715983
STU_015436,80.38004535840923
STU_015437,69.12076284630416
STU_015438,85.95378895120825
STU_015439,76.88152445887204
STU_015440,77.79032251847957
STU_015441,69.77961581339605
STU_015442,85.35117906674941
STU_015443,67.53182582683758
STU_015444,75.85066604672124
STU_015445,74.22261479055874
STU_015446,74.08558660604422
STU_015447,62.757963069322614
STU_015448,43.506124569675876
STU_015449,71.83882429912956
STU_015450,85.593824762655
STU_015451,75.84023611796874
STU_015452,81.76963868805274
STU_015453,87.6154363401306
STU_015454,86.89457714119317
STU_015455,55.8446071353344
STU_015456,72.9555893244933
STU_015457,67.293748831931
STU_015458,64.64664852489159
STU_015459,42.28818055912234
STU_015460,112.68516223427923
STU_015461,94.7914442734766
STU_015462,75.76384512781692
STU_015463,79.70026241976439
STU_015464,63.05664133314622
STU_015465,54.00520147556358
STU_015466,88.59817083273856
STU_015467,83.18743812950129
STU_015468,64.45036067592696
STU_015469,69.66655275369499
STU_015470,91.94654883032251
STU_015471,71.44578187942352
STU_015472,82.81923084761138
STU_015473,90.15808456404352
STU_015474,95.07057123086736
STU_015475,74.64521444684942
STU_015476,80.65713475038456
STU_015477,61.79275162374233
STU_015478,63.74436994451071
STU_015479,96.11722164148557
STU_015480,65.36826533615931
STU_015481,84.21630862323514
STU_015482,60.35523754552355
STU_015483,82.3520450949502
STU_015484,67.97661291265831
STU_015485,64.56476873117685
STU_015486,80.77005817050622
STU_015487,68.75667896164123
STU_015488,71.22432924095824
STU_015489,81.16606882383917
STU_015490,83.5689052642274
STU_015491,75.93479321441919
STU_015492,66.33953091377384
STU_015493,65.18154600278876
STU_015494,59.93234314110964
STU_015495,81.59129456217761
STU_015496,64.64574963113773
STU_015497,59.84343406124731
STU_015498,67.81274350956346
STU_015499,49.583574478539504
STU_015500,77.7792109610782
STU_015501,86.95156072014447
STU_015502,59.83914653585475
STU_015503,81.50794320876253
STU_015504,84.00557942327737
STU_015505,77.11716821128289
STU_015506,77.1302664066493
STU_015507,102.5187794116863
STU_015508,96.05850215982707
STU_015509,86.21537051470864
STU_015510,81.09208850241248
STU_015511,83.23104260043169
STU_015512,80.76373086163176
STU_015513,73.23761089169147
STU_015514,79.3638326540381
STU_015515,75.39400756479677
STU_015516,72.42379267673482
STU_015517,94.4836957262213
STU_015518,71.8662275916904
STU_015519,59.85347558656531
STU_015520,76.62927272617912
STU_015521,87.25681393620243
STU_015522,69.2037717838175
STU_015523,69.35630185714376
STU_015524,34.956443475425885
STU_015525,80.9821658563244
STU_015526,77.56869811099318
STU_015527,66.79726365952956
STU_015528,68.26331954948273
STU_015529,83.67102409785593
STU_015530,86.21924842607791
STU_015531,86.66041257962183
STU_015532,78.1133364344098
STU_015533,66.81031649553847
STU_015534,85.78182046781353
STU_015535,76.03451194638365
STU_015536,78.86519042091754
STU_015537,75.15574618695268
STU_015538,89.66860124833363
STU_015539,60.62307471634949
STU_015540,68.1364063027429
STU_015541,72.44275664454426
STU_015542,84.46629967941931
STU_015543,80.59814893883663
STU_015544,89.44321798199553
STU_015545,74.2906047668996
STU_015546,79.44306620092698
STU_015547,64.32954131866472
STU_015548,61.8011860849665
STU_015549,92.7636074192344
STU_015550,86.46916023526956
STU_015551,76.70200724405822
STU_015552,72.18278294188576
STU_015553,47.84907660202589
STU_015554,79.74209641964103
STU_015555,73.28229140275994
STU_015556,90.29107535740775
STU_015557,72.3380218091429
STU_015558,88.80085719535828
STU_015559,81.84253929050715
STU_015560,76.79719964488822
STU_015561,87.49957906619079
STU_015562,81.74987336214622
STU_015563,59.79581583644722
STU_015564,73.07798169097782
STU_015565,64.53172106441843
STU_015566,72.22580768564899
STU_015567,73.13093683338684
STU_015568,68.36558851868017
STU_015569,74.65845877505672
STU_015570,97.24826308299055
STU_015571,72.9735403961347
STU_015572,80.89630288183912
STU_015573,82.95770548742507
STU_015574,57.51024329021948
STU_015575,71.40280936675481
STU_015576,72.02961334057272
STU_015577,72.54985635180287
STU_015578,81.46182590801436
STU_015579,75.41804739798431
STU_015580,72.31782864636034
STU_015581,83.2348742602585
STU_015582,76.99138996980741
STU_015583,85.70872096195535
STU_015584,80.9456234536965
STU_015585,85.7281752156523
STU_015586,95.62193505201401
STU_015587,58.21286208862807
STU_015588,72.32961609433187
STU_015589,78.91317341262311
STU_015590,64.28336503857918
STU_015591,63.0819621044684
STU_015592,87.25701480169187
STU_015593,64.16754899532748
STU_015594,91.60598664448128
STU_015595,88.74624990387315
STU_015596,79.57133696560595
STU_015597,89.08549988162463
STU_015598,76.62293052455993
STU_015599,54.39828505329206
STU_015600,71.3951890892879
STU_015601,41.13956386656605
STU_015602,68.9229384326743
STU_015603,78.57006652713585
STU_015604,86.68416276353855
STU_015605,59.81740888784475
STU_015606,75.61575145907887
STU_015607,62.49391907178119
STU_015608,77.00481657763157
STU_015609,78.25847917008446
STU_015610,73.25519509769583
STU_015611,77.8029462006732
STU_015612,80.39905154255871
STU_015613,89.67179324122787
STU_015614,69.79590958652602
STU_015615,71.11059696530765
STU_015616,75.78200855928822
STU_015617,59.02188132570518
STU_015618,79.9502977363004
STU_015619,67.67001533639746
STU_015620,78.91792591260014
STU_015621,70.72038157644124
STU_015622,70.11865088616469
STU_015623,89.72294490885258
STU_015624,80.43967969716687
STU_015625,81.477464230833
STU_015626,62.16737311962902
STU_015627,105.47744713549787
STU_015628,75.83293023225156
STU_015629,73.93078446428603
STU_015630,76.58180279540602
STU_015631,65.41533537332725
STU_015632,79.6666424842258
STU_015633,86.8653088780652
STU_015634,67.2979346645941
STU_015635,90.27319116488559
STU_015636,67.13239030951195
STU_015637,50.542672776391555
STU_015638,73.57997594878475
STU_015639,94.0768292929248
STU_015640,69.13359867948225
STU_015641,51.75173300844722
STU_015642,97.40894758946501
STU_015643,82.26960837717297
STU_015644,94.289038094499
STU_015645,60.7728644387721
STU_015646,98.69926559796875
STU_015647,74.88451346244005
STU_015648,65.45434710987524
STU_015649,78.61224153731791
STU_015650,69.3798101525424
STU_015651,64.62689788748253
STU_015652,94.02846026416114
STU_015653,76.06596797505631
STU_015654,73.03278760167723
STU_015655,103.35891384275567
STU_015656,68.3478194793804
STU_015657,75.96470365956316
STU_015658,71.3966906981334
STU_015659,66.9093167627575
STU_015660,83.95487252948396
STU_015661,49.15871178003022
STU_015662,66.57258950226537
STU_015663,84.25676785457131
STU_015664,50.660371563592435
STU_015665,78.17723700734177
STU_015666,77.56048831854923
STU_015667,94.51672691304032
STU_015668,87.96250961877968
STU_015669,79.9906397258294
STU_015670,64.96951317459434
STU_015671,86.23550004768936
STU_015672,84.09954592057943
STU_015673,81.85761238697523
STU_015674,79.44528268158251
STU_015675,82.62601316187897
STU_015676,55.593715432915815
STU_015677,82.6877131388544
STU_015678,99.44632503563946
STU_015679,79.93482089783265
STU_015680,74.65254595880742
STU_015681,79.19109754144552
STU_015682,84.64525251622649
STU_015683,66.72063425265515
STU_015684,64.51850213317289
STU_015685,83.74393948533498
STU_015686,69.70083600191356
STU_015687,85.60686001301474
STU_015688,83.63982104583329
STU_015689,61.51689130166278
STU_015690,62.665775511727816
STU_015691,92.75905386117392
STU_015692,93.64408509465932
STU_015693,80.21142725808863
STU_015694,98.90152655426596
STU_015695,92.19323813410654
STU_015696,63.01126867106154
STU_015697,69.99448725915681
STU_015698,81.13200519151428
STU_015699,87.87127727380152
STU_015700,79.78270457864323
STU_015701,62.97272962253646
STU_015702,84.17781117105119
STU_015703,87.46033716510351
STU_015704,77.76093374220272
STU_015705,82.94899017762305
STU_015706,65.1436325163022
STU_015707,76.04908400577051
STU_015708,56.593332683627295
STU_015709,65.5573147587977
STU_015710,70.039639660175
STU_015711,77.82440374537168
STU_015712,88.71356002935067
STU_015713,82.40685701535608
STU_015714,74.00439219623013
STU_015715,90.54195044215123
STU_015716,61.77154121038848
STU_015717,56.864775743505334
STU_015718,68.69515384942906
STU_015719,67.26923557842974
STU_015720,60.69276209634768
STU_015721,69.89189718183752
STU_015722,75.13478175441082
STU_015723,75.89082039831737
STU_015724,99.99051360536339
STU_015725,94.55944871213364
STU_015726,77.8202540154075
STU_015727,63.68864744786197
STU_015728,80.87346779007362
STU_015729,87.61943036676507
STU_015730,68.68820556762626
STU_015731,81.58848648636854
STU_015732,62.951680758670136
STU_015733,67.42425583233148
STU_015734,65.71046718180287
STU_015735,59.793658208896886
STU_015736,94.64751561825949
STU_015737,75.55839457753655
STU_015738,62.83071170351377
STU_015739,73.1475821756469
STU_015740,91.60977284267221
STU_015741,68.58504574038056
STU_015742,66.88237613460547
STU_015743,83.55154066711657
STU_015744,61.17462524793177
STU_015745,80.38308532682208
STU_015746,67.35297144160222
STU_015747,89.17759937124151
STU_015748,62.859159128721785
STU_015749,87.40309873685851
STU_015750,68.7364963418288
STU_015751,81.66396549354204
STU_015752,68.06405597905336
STU_015753,79.63950909524124
STU_015754,78.68097494818676
STU_015755,84.56802109662476
STU_015756,81.93159344452033
STU_015757,84.3530101568524
STU_015758,102.47788657448928
STU_015759,79.40050793797764
STU_015760,61.924942420417665
STU_015761,89.49563328902036
STU_015762,71.34383071467028
STU_015763,70.73952955555387
STU_015764,77.16593550417838
STU_015765,79.10385339658797
STU_015766,75.76313917676794
STU_015767,85.00345298944194
STU_015768,78.27317891230814
STU_015769,74.63008229108573
STU_015770,68.60513974425567
STU_015771,95.53683708716824
STU_015772,59.958753309908616
STU_015773,60.64099015895954
STU_015774,106.09557743663595
STU_015775,66.08390433616682
STU_015776,69.738037075168
STU_015777,73.2666966687973
STU_015778,63.41850702620923
STU_015779,65.07246066459265
STU_015780,77.80133658458635
STU_015781,69.73316135493064
STU_015782,84.11612401484581
STU_015783,71.08683033218722
STU_015784,78.32421652384346
STU_015785,75.49308748016438
STU_015786,80.14605362832367
STU_015787,80.5665954185888
STU_015788,78.5612807936177
STU_015789,56.342777332719834
STU_015790,60.91815952312777
STU_015791,74.0976229129783
STU_015792,77.7494004466605
STU_015793,93.9900119843835
STU_015794,96.10049126099796
STU_015795,66.35459573409207
STU_015796,85.74834813554003
STU_015797,82.73442199149667
STU_015798,87.41148426036898
STU_015799,81.83848151932966
STU_015800,60.906925858894965
STU_015801,79.56723491585808
STU_015802,60.59416103833814
STU_015803,74.102554930819
STU_015804,74.83789530995205
STU_015805,55.99304325399021
STU_015806,90.25902528002894
STU_015807,79.63116061475739
STU_015808,75.82094924280295
STU_015809,60.06912502973637
STU_015810,87.62835749467058
STU_015811,93.29285556959644
STU_015812,79.88101757156824
STU_015813,94.46158818611696
STU_015814,69.44855498815718
STU_015815,62.638983008807145
STU_015816,85.01396329525232
STU_015817,74.67582779219083
STU_015818,68.6126623504988
STU_015819,52.767068717168286
STU_015820,69.48474176425816
STU_015821,78.16206336168034
STU_015822,67.39208235176943
STU_015823,79.43482819642645
STU_015824,77.81031650081923
STU_015825,58.072960486379316
STU_015826,66.59407435576281
STU_015827,64.54386002009664
STU_015828,79.09103128529887
STU_015829,87.1739095889734
STU_015830,87.13860584182225
STU_015831,77.10109951551817
STU_015832,88.26777275870904
STU_015833,95.367683641903
STU_015834,41.95598295211926
STU_015835,80.62666886966235
STU_015836,83.58630178849944
STU_015837,69.66675827079985
STU_015838,75.09219920995474
STU_015839,86.47483358068484
STU_015840,71.30886257306224
STU_015841,63.995189472038874
STU_015842,84.11804168015442
STU_015843,88.29047485415026
STU_015844,94.5736272673712
STU_015845,68.4621045995284
STU_015846,65.25131914178701
STU_015847,79.8747125669961
STU_015848,89.63910284650717
STU_015849,92.07257311262197
STU_015850,58.840050240930395
STU_015851,76.98563099800072
STU_015852,64.88450172842067
STU_015853,78.86396286923673
STU_015854,85.11920069179587
STU_015855,90.8292201054876
STU_015856,72.77576708613083
STU_015857,76.731271758812
STU_015858,66.2420951694528
STU_015859,71.37449730360117
STU_015860,67.13570757166872
STU_015861,79.00805717596086
STU_015862,70.999616811951
STU_015863,88.9472835807012
STU_015864,59.92131780552768
STU_015865,62.623838653336406
STU_015866,74.03163780100249
STU_015867,42.426975613049535
STU_015868,70.30449071683279
STU_015869,81.06579924977746
STU_015870,74.41532196228422
STU_015871,77.79672288579195
STU_015872,57.41728101917465
STU_015873,94.40630500348493
STU_015874,72.14720579222194
STU_015875,86.26444777410734
STU_015876,65.7445541878285
STU_015877,84.09363237684784
STU_015878,91.08054452175622
STU_015879,90.04758598778358
STU_015880,76.11747947700883
STU_015881,95.10634484312561
STU_015882,70.47054880392125
STU_015883,81.35116962613256
STU_015884,83.7855874655977
STU_015885,62.91136110097273
STU_015886,91.0081676852102
STU_015887,95.38696023163527
STU_015888,62.98407409527431
STU_015889,87.76923239660937
STU_015890,85.26560088918723
STU_015891,84.78577580859928
STU_015892,63.36022962928837
STU_015893,57.026158665893945
STU_015894,46.95000380167903
STU_015895,56.19795865535889
STU_015896,70.48516738291801
STU_015897,88.94771981200631
STU_015898,77.9865704616434
STU_015899,88.97929535368598
STU_015900,71.29068933334565
STU_015901,72.0858971423047
STU_015902,76.81207746148493
STU_015903,83.11703352324389
STU_015904,78.07664629238525
STU_015905,88.14007697423676
STU_015906,72.18724117109969
STU_015907,104.11790396590163
STU_015908,63.60906241364137
STU_015909,74.55713118097106
STU_015910,81.03490280036885
STU_015911,66.16383022815785
STU_015912,77.2612269143358
STU_015913,72.13095957096584
STU_015914,66.54881429985903
STU_015915,85.89823769105669
STU_015916,64.22760385937409
STU_015917,52.09280750674111
STU_015918,75.13152337242173
STU_015919,86.97102285944425
STU_015920,80.82674297270637
STU_015921,87.4512748849038
STU_015922,54.29413043046975
STU_015923,88.84736248534955
STU_015924,74.75506829270148
STU_015925,66.59998587151586
STU_015926,75.05667134819078
STU_015927,72.92543392399921
STU_015928,72.61137261452723
STU_015929,84.48611648550104
STU_015930,61.43232134353866
STU_015931,63.92910107192688
STU_015932,79.0835600359535
STU_015933,75.2805207509482
STU_015934,70.72150726231416
STU_015935,98.27381346849825
STU_015936,97.0271290548742
STU_015937,82.42371518717505
STU_015938,81.77740286727999
STU_015939,66.83637734818126
STU_015940,89.77041317526766
STU_015941,71.47498815435665
STU_015942,91.94007745361205
STU_015943,87.88998348760947
STU_015944,102.31862834053459
STU_015945,69.16700296202112
STU_015946,76.31073648947927
STU_015947,72.75674184007971
STU_015948,71.62482394091535
STU_015949,58.440035866166
STU_015950,92.77733548964466
STU_015951,74.61637121912304
STU_015952,72.57947517345042
STU_015953,70.33628776082469
STU_015954,80.45543767732511
STU_015955,81.04329125165441
STU_015956,72.9943925496591
STU_015957,53.035156163037755
STU_015958,71.64010789660165
STU_015959,80.67155098186527
STU_015960,72.49222576177726
STU_015961,82.5392066889342
STU_015962,83.92586835280554
STU_015963,78.00414608538199
STU_015964,63.81597114328815
STU_015965,81.23027281898817
STU_015966,65.13984044181393
STU_015967,78.15927214846602
STU_015968,85.3561312412628
STU_015969,72.45024352984933
STU_015970,70.77047779229702
STU_015971,69.19765507163675
STU_015972,84.5611552698681
STU_015973,66.503365906201
STU_015974,84.32276454777184
STU_015975,49.267158753651074
STU_015976,52.29357079977399
STU_015977,58.40550801726113
STU_015978,75.01709475118582
STU_015979,87.28121230879765
STU_015980,86.01530797960231
STU_015981,98.20319408709327
STU_015982,91.54434331125265
STU_015983,83.50365970098483
STU_015984,80.53829047010254
STU_015985,76.00496455775715
STU_015986,44.71726524349174
STU_015987,76.45544007364856
STU_015988,65.6206657027908
STU_015989,74.17167832012888
STU_015990,56.99103101258834
STU_015991,79.07801100845631
STU_015992,44.9342751175609
STU_015993,72.68689888962626
STU_015994,70.32839813824467
STU_015995,96.31455510895614
STU_015996,83.47740334936566
STU_015997,63.86668702327324
STU_015998,82.52646334309429
STU_015999,91.98108142598744
STU_016000,80.12447194541937
STU_016001,82.56147601595217
STU_016002,84.40628130209302
STU_016003,90.14896452159769
STU_016004,80.80652250635717
STU_016005,47.65181374059148
STU_016006,66.62414263744154
STU_016007,80.16437035029708
STU_016008,87.50755232239953
STU_016009,62.96783800165349
STU_016010,75.2660910947186
STU_016011,81.80835034538381
STU_016012,75.1890915709414
STU_016013,71.7489399282315
STU_016014,88.93631839858597
STU_016015,47.00952048723843
STU_016016,90.27132671070126
STU_016017,79.65991007843922
STU_016018,84.19667860722734
STU_016019,73.83616577493126
STU_016020,92.8232434537623
STU_016021,102.04629774097509
STU_016022,70.85846925028136
STU_016023,106.61241004872397
STU_016024,72.44604132404652
STU_016025,88.84629914796858
STU_016026,63.69846795786498
STU_016027,60.59664221693288
STU_016028,68.0887694071182
STU_016029,75.99116751983343
STU_016030,87.52191275058362
STU_016031,92.06366310068893
STU_016032,84.16632806460166
STU_016033,84.89870577284455
STU_016034,78.65412989839024
STU_016035,59.40111493326549
STU_016036,102.14266755673304
STU_016037,80.75462503175345
STU_016038,73.74611284291836
STU_016039,69.47704363417506
STU_016040,94.1039446515399
STU_016041,93.57617191653549
STU_016042,79.66468435692241
STU_016043,81.71297480273938
STU_016044,77.36657569643762
STU_016045,89.75732544650782
STU_016046,70.5445686511323
STU_016047,82.68935369110022
STU_016048,68.64793618283989
STU_016049,73.19115343424414
STU_016050,69.62575830871765
STU_016051,76.49289938652169
STU_016052,96.00060434642228
STU_016053,79.44475744052806
STU_016054,71.5118923637267
STU_016055,85.17578011409887
STU_016056,73.77686324359047
STU_016057,74.74207488888919
STU_016058,75.53772513754666
STU_016059,76.85896966253972
STU_016060,78.73244221012555
STU_016061,54.56671503547864
STU_016062,65.85994800283493
STU_016063,72.04465298701211
STU_016064,62.80005477304576
STU_016065,73.73571079810017
STU_016066,80.73076037421811
STU_016067,63.589288556863266
STU_016068,95.96985630451468
STU_016069,79.93548464022092
STU_016070,72.57710743520602
STU_016071,72.23684779165387
STU_016072,82.49493966374848
STU_016073,79.1968868790434
STU_016074,84.38374164488914
STU_016075,91.42660346286914
STU_016076,63.23934966682123
STU_016077,67.86598890894129
STU_016078,88.1216419418372
STU_016079,81.29173195324688
STU_016080,70.54726241360709
STU_016081,66.6016263323379
STU_016082,81.76336748021981
STU_016083,94.93745815606292
STU_016084,76.95950441444938
STU_016085,51.990169010121235
STU_016086,94.13838921946478
STU_016087,69.40277005705798
STU_016088,77.38296395350153
STU_016089,86.53331596243015
STU_016090,83.3397416108428
STU_016091,66.11946121103142
STU_016092,70.01974710302011
STU_016093,80.77058064032576
STU_016094,78.06444904036107
STU_016095,69.57047117911043
STU_016096,80.87720818829303
STU_016097,72.77564925887555
STU_016098,65.22430947082148
STU_016099,75.17859224923791
STU_016100,67.71936223699026
STU_016101,64.60097191685804
STU_016102,73.33202802930191
STU_016103,64.948835947627
STU_016104,78.31799817123851
STU_016105,66.89457002844779
STU_016106,73.088046179824
STU_016107,72.03776176992733
STU_016108,69.04070904913033
STU_016109,66.9022967511969
STU_016110,65.27095673036888
STU_016111,78.01510817742337
STU_016112,79.02199060275552
STU_016113,67.26326941068851
STU_016114,74.72617547476489
STU_016115,84.75725985680583
STU_016116,98.21228962411283
STU_016117,83.36096707009006
STU_016118,75.31239507813939
STU_016119,78.9707503525176
STU_016120,82.0754573474444
STU_016121,68.57455066082662
STU_016122,73.81760781683806
STU_016123,76.72491044667345
STU_016124,89.24492450478101
STU_016125,87.88209732100609
STU_016126,80.12456555423819
STU_016127,83.89373010046029
STU_016128,91.05680973517087
STU_016129,64.3999530693468
STU_016130,100.28049339270149
STU_016131,84.25477541804162
STU_016132,72.9770038466313
STU_016133,76.98646190501336
STU_016134,67.59034439717993
STU_016135,60.16950652161131
STU_016136,88.6202640071557
STU_016137,78.31627427535886
STU_016138,76.3963640534621
STU_016139,91.99233153759826
STU_016140,82.47628233089472
STU_016141,91.44919512599915
STU_016142,76.23628847742248
STU_016143,62.77707959305167
STU_016144,77.15621901733425
STU_016145,80.02641070115419
STU_016146,83.04525624498638
STU_016147,85.53947830607899
STU_016148,66.34777517618318
STU_016149,48.767307347289034
STU_016150,88.83206793429827
STU_016151,61.30048459039358
STU_016152,78.56952080150859
STU_016153,72.6632885534666
STU_016154,84.09525566587536
STU_016155,82.97857634691695
STU_016156,60.96487382519922
STU_016157,75.14941237676021
STU_016158,90.60334236435665
STU_016159,64.35497076565912
STU_016160,66.8573078446675
STU_016161,70.26672728509902
STU_016162,96.87144559161504
STU_016163,76.24151794073964
STU_016164,62.84550470577096
STU_016165,101.9811328901967
STU_016166,63.22726524759787
STU_016167,72.27772036266947
STU_016168,81.04611669307292
STU_016169,87.18418293046511
STU_016170,79.01660247962013
STU_016171,70.68536064120258
STU_016172,66.29991555214247
STU_016173,70.77834309090804
STU_016174,60.94292901581912
STU_016175,82.6105108943184
STU_016176,72.68356011079959
STU_016177,82.18970746730088
STU_016178,81.15241213403169
STU_016179,79.55213669067939
STU_016180,59.949864342250294
STU_016181,92.47101655079348
STU_016182,55.77856806180989
STU_016183,77.77274781066649
STU_016184,67.0566169081983
STU_016185,100.1855677830589
STU_016186,46.99932147733011
STU_016187,97.4754989613906
STU_016188,78.95133425449535
STU_016189,88.27265612726296
STU_016190,78.76853045894677
STU_016191,51.67855011070378
STU_016192,65.87810278826942
STU_016193,79.70004458141511
STU_016194,84.03791789616321
STU_016195,85.95291423585877
STU_016196,67.06040167391393
STU_016197,86.52820506803346
STU_016198,75.40039620444259
STU_016199,80.6015933910403
STU_016200,67.07856875602693
STU_016201,76.3993498480911
STU_016202,64.05993721568643
STU_016203,69.01703236191474
STU_016204,63.276600163581634
STU_016205,56.972419925407166
STU_016206,73.01985580854216
STU_016207,48.32212424577301
STU_016208,73.85036145548997
STU_016209,71.96147496944855
STU_016210,62.57702413454058
STU_016211,72.31596136015037
STU_016212,69.48312064116612
STU_016213,92.43897357741639
STU_016214,62.234977427153126
STU_016215,72.59855098154867
STU_016216,61.220813690173145
STU_016217,75.06078743216517
STU_016218,96.84825225107159
STU_016219,81.98377231259678
STU_016220,88.18053137221091
STU_016221,66.69336768542689
STU_016222,71.91604581383149
STU_016223,67.37385821162297
STU_016224,89.90540415676037
STU_016225,90.12087194644516
STU_016226,84.04024639849399
STU_016227,74.61465774739463
STU_016228,77.76458150962321
STU_016229,71.71042961119247
STU_016230,69.25687717545861
STU_016231,84.77912494935913
STU_016232,93.60781080300762
STU_016233,61.773895190750636
STU_016234,88.05493988061221
STU_016235,68.3096058715164
STU_016236,74.79619046163793
STU_016237,67.08697720024156
STU_016238,78.98358027795302
STU_016239,67.6805741772821
STU_016240,93.61647142826155
STU_016241,85.87677537782656
STU_016242,72.99464253046949
STU_016243,79.99432709952112
STU_016244,83.09940148112173
STU_016245,80.1184166155524
STU_016246,70.65520852170812
STU_016247,74.91387995396553
STU_016248,69.98084922040539
STU_016249,69.41954297943448
STU_016250,82.01384140695382
STU_016251,59.556110814384965
STU_016252,84.11758173312114
STU_016253,86.12778930767854
STU_016254,80.61518547832998
STU_016255,76.77983138825994
STU_016256,38.138042973343545
STU_016257,84.03732249477662
STU_016258,84.04833848839826
STU_016259,77.55461257715115
STU_016260,70.36108764487835
STU_016261,93.76551293872762
STU_016262,76.12171175933577
STU_016263,55.46674713656694
STU_016264,45.2133201054462
STU_016265,92.69488569631085
STU_016266,80.00679901391868
STU_016267,73.5696176873571
STU_016268,79.12401855982444
STU_016269,96.66877739728079
STU_016270,67.55200680564417
STU_016271,70.02645089494786
STU_016272,83.64881483740851
STU_016273,78.5211111229994
STU_016274,58.98716730799333
STU_016275,77.11950902283229
STU_016276,58.525018148496656
STU_016277,82.31572321374892
STU_016278,84.63133292062935
STU_016279,78.12225251936206
STU_016280,80.98572225130943
STU_016281,79.82353042367913
STU_016282,70.5359373862209
STU_016283,65.77791364023096
STU_016284,86.74739012800092
STU_016285,69.38540255979456
STU_016286,61.085653304873176
STU_016287,72.77802214521398
STU_016288,90.21417853965033
STU_016289,79.7134536694025
STU_016290,58.98299532513579
STU_016291,79.95619917402087
STU_016292,71.69082238092119
STU_016293,83.15086697699621
STU_016294,70.86617760405625
STU_016295,85.67458416763179
STU_016296,75.13831221453393
STU_016297,87.01153152646316
STU_016298,53.9468412289325
STU_016299,70.48742733246468
STU_016300,67.92763286929767
STU_016301,64.66344464903864
STU_016302,69.24680420476557
STU_016303,73.2045440393756
STU_016304,82.85837019004384
STU_016305,85.45341205095588
STU_016306,72.49148676647542
STU_016307,73.98204517467093
STU_016308,69.63020155567824
STU_016309,84.65481722741993
STU_016310,77.92002104983817
STU_016311,66.24291629535219
STU_016312,65.54896330760857
STU_016313,89.46083914355563
STU_016314,89.02048015185346
STU_016315,65.79618706689985
STU_016316,93.08062894971408
STU_016317,83.83835731900444
STU_016318,81.40238648401169
STU_016319,70.82258490925051
STU_016320,67.55999209603738
STU_016321,66.37011863076236
STU_016322,92.92198454283096
STU_016323,64.0420581452729
STU_016324,59.94402311901695
STU_016325,73.27233174348908
STU_016326,76.39224761220908
STU_016327,80.41803652652607
STU_016328,76.6408713809542
STU_016329,68.14789639286892
STU_016330,66.39844359496215
STU_016331,83.29364248012712
STU_016332,79.42895686099814
STU_016333,90.963703592706
STU_016334,63.348340963096916
STU_016335,74.42035779871185
STU_016336,72.84454682841397
STU_016337,61.16314844691374
STU_016338,79.62277795552723
STU_016339,78.610356386474
STU_016340,87.56889706235324
STU_016341,82.72350253584818
STU_016342,76.71907150669699
STU_016343,71.07100975632966
STU_016344,83.73298541375289
STU_016345,81.42993332593369
STU_016346,82.68228416275815
STU_016347,60.94114520567837
STU_016348,64.94079154220344
STU_016349,81.07022325476896
STU_016350,54.54471498500811
STU_016351,76.26640224769176
STU_016352,81.49633760214556
STU_016353,72.45119647375418
STU_016354,58.017498917702596
STU_016355,73.38039931065259
STU_016356,73.2667448168329
STU_016357,55.304442831893994
STU_016358,79.85770287585956
STU_016359,83.21688407246324
STU_016360,77.95125654503636
STU_016361,78.06153997638103
STU_016362,79.02962369007241
STU_016363,73.9501827156871
STU_016364,67.75245486632912
STU_016365,75.9884283387837
STU_016366,70.73718912757295
STU_016367,70.31112232388818
STU_016368,62.12897980917728
STU_016369,71.65642240440184
STU_016370,49.51893645912287
STU_016371,62.839555124049866
STU_016372,90.34075769553476
STU_016373,77.8961539471668
STU_016374,77.5381653148072
STU_016375,80.92010274952736
STU_016376,86.9544030023169
STU_016377,62.05079082764155
STU_016378,83.89545799810958
STU_016379,61.94072431541531
STU_016380,81.35199953689585
STU_016381,71.06041878382189
STU_016382,76.87113895074094
STU_016383,58.70961245766625
STU_016384,86.2518366212314
STU_016385,89.55838139431205
STU_016386,71.91604036682315
STU_016387,77.83025414850363
STU_016388,68.21271158139666
STU_016389,76.12991268213523
STU_016390,81.85552027488825
STU_016391,107.51672661359169
STU_016392,86.05139433605791
STU_016393,77.39199767896275
STU_016394,95.25128551772036
STU_016395,66.54005122885974
STU_016396,85.82147301405962
STU_016397,59.159007927069524
STU_016398,68.43084906365152
STU_016399,67.88749271899019
STU_016400,85.89089082560213
STU_016401,78.10047984229163
STU_016402,95.85589561439951
STU_016403,60.28593026925455
STU_016404,72.9595919594451
STU_016405,69.56630888964196
STU_016406,68.8762770371286
STU_016407,91.20656792857255
STU_016408,87.03620811470341
STU_016409,57.04613300106598
STU_016410,67.39435434131633
STU_016411,58.16193503370846
STU_016412,42.015923370850714
STU_016413,64.61838787513011
STU_016414,81.90654625824732
STU_016415,88.89447072571659
STU_016416,84.73928383489988
STU_016417,84.72588469118318
STU_016418,99.65591939127319
STU_016419,78.43524406065103
STU_016420,68.778110554161
STU_016421,65.2659561827686
STU_016422,66.59827678694228
STU_016423,90.26199714573647
STU_016424,69.7102544097454
STU_016425,80.51048585902936
STU_016426,80.78266448349927
STU_016427,75.46163721535095
STU_016428,94.72853724951347
STU_016429,69.85723107934678
STU_016430,86.00111844871003
STU_016431,94.79586677908242
STU_016432,56.46014860040896
STU_016433,67.36618421574576
STU_016434,55.66058486626889
STU_016435,82.93094268231516
STU_016436,95.45213698994178
STU_016437,76.93630135142166
STU_016438,83.88675917791738
STU_016439,72.9684265220144
STU_016440,58.11481903151207
STU_016441,90.5062794211126
STU_016442,89.63205613942864
STU_016443,75.6185968527368
STU_016444,72.0605667675286
STU_016445,74.731236542626
STU_016446,67.12983551294656
STU_016447,62.648951355846975
STU_016448,74.34665067794276
STU_016449,80.1108761232183
STU_016450,62.81657258832047
STU_016451,83.26766336379137
STU_016452,82.51986457317025
STU_016453,65.1332249011989
STU_016454,65.45395271790494
STU_016455,58.936673690586304
STU_016456,71.99546152329526
STU_016457,87.87729986211184
STU_016458,75.7819168736562
STU_016459,80.10090776674542
STU_016460,80.47960741611155
STU_016461,65.03677890958147
STU_016462,81.53513047770366
STU_016463,85.06502229000284
STU_016464,80.39120169281637
STU_016465,83.88818613542912
STU_016466,68.71681276550726
STU_016467,81.15457685282354
STU_016468,62.27059869456548
STU_016469,51.395586283666944
STU_016470,73.27611090281994
STU_016471,57.43110477826281
STU_016472,79.43496495836757
STU_016473,69.78025019778465
STU_016474,67.08728749971237
STU_016475,92.38870776455747
STU_016476,91.04270287004795
STU_016477,90.90507545636774
STU_016478,84.03403145699713
STU_016479,61.99752205915502
STU_016480,72.86867875618441
STU_016481,70.60966096566631
STU_016482,67.58523443797094
STU_016483,84.03391400465671
STU_016484,66.94948668635698
STU_016485,68.10910317826733
STU_016486,88.48275722822984
STU_016487,75.65364594541938
STU_016488,83.68501236813836
STU_016489,97.02011272889831
STU_016490,65.64920430261509
STU_016491,87.97961596150685
STU_016492,88.76415267229754
STU_016493,86.61228458090295
STU_016494,76.83054027765775
STU_016495,39.7304003285351
STU_016496,86.61881233736995
STU_016497,49.02564088294935
STU_016498,62.90618971075719
STU_016499,75.99844692934539
STU_016500,74.57913991414557
STU_016501,74.03115463235054
STU_016502,75.28112674872091
STU_016503,64.01408156821435
STU_016504,84.8706003003631
STU_016505,99.25136037722689
STU_016506,74.95971783566824
STU_016507,71.88943613578022
STU_016508,82.88664597290472
STU_016509,42.31121963240548
STU_016510,76.86745598186508
STU_016511,71.87244690817374
STU_016512,75.02259844217838
STU_016513,56.06555470141711
STU_016514,81.44839997009285
STU_016515,66.32860383695197
STU_016516,67.581156495286
STU_016517,76.7924172075559
STU_016518,77.27052152146143
STU_016519,78.70275533322933
STU_016520,61.24160259749169
STU_016521,93.68387743706387
STU_016522,53.37063271288457
STU_016523,65.78313417536219
STU_016524,68.8621330875917
STU_016525,55.43305617712349
STU_016526,99.11625106045881
STU_016527,57.52326578362636
STU_016528,75.03146193444218
STU_016529,74.07672884774047
STU_016530,82.14967185392493
STU_016531,95.11984030981318
STU_016532,108.79014661916585
STU_016533,71.06222328953231
STU_016534,83.57106693616265
STU_016535,68.77361080704918
STU_016536,79.64969244953909
STU_016537,78.73507866114369
STU_016538,58.970598013994504
STU_016539,78.72583978609964
STU_016540,79.3066003602703
STU_016541,97.11948176698627
STU_016542,64.91787827496728
STU_016543,63.709097485825396
STU_016544,82.74180246214269
STU_016545,88.05935715138367
STU_016546,70.72378921959103
STU_016547,107.2561288386155
STU_016548,91.99163054676433
STU_016549,83.52484727403953
STU_016550,65.15345774927641
STU_016551,81.35376550585966
STU_016552,89.98005067253587
STU_016553,72.100942852157
STU_016554,89.92653319770432
STU_016555,68.80362446691993
STU_016556,79.63210840337615
STU_016557,72.16780148075622
STU_016558,71.17642927670227
STU_016559,84.1296853423471
STU_016560,68.03886954702966
STU_016561,82.59491806768574
STU_016562,79.79319733043349
STU_016563,77.33499831655558
STU_016564,67.69413138394839
STU_016565,81.5464387063355
STU_016566,83.49723120733097
STU_016567,73.69850784601908
STU_016568,73.99630320622668
STU_016569,61.00137268181061
STU_016570,68.33849837534785
STU_016571,94.21281683704251
STU_016572,55.40411936438932
STU_016573,60.057181044976915
STU_016574,90.62158557977762
STU_016575,70.2258832881605
STU_016576,81.08619778554976
STU_016577,96.29547453423152
STU_016578,79.99278061618725
STU_016579,84.80182893619212
STU_016580,86.91979013320451
STU_016581,99.754654575524
STU_016582,69.85906256787098
STU_016583,83.7474561646186
STU_016584,95.34769161541328
STU_016585,87.34330332227182
STU_016586,77.17803762370681
STU_016587,76.81349755518568
STU_016588,74.99526572643958
STU_016589,70.60704538335472
STU_016590,75.3389459697205
STU_016591,60.527295551171164
STU_016592,81.95793194158227
STU_016593,74.79782684517227
STU_016594,45.889508799101804
STU_016595,70.56218112329611
STU_016596,77.70461584153031
STU_016597,58.60518856397425
STU_016598,76.14701311380554
STU_016599,46.68694916066579
STU_016600,51.25287499079104
STU_016601,73.00414167744543
STU_016602,63.56857009776536
STU_016603,63.639411755148785
STU_016604,85.5787254640968
STU_016605,90.89269046452387
STU_016606,73.82405207974148
STU_016607,51.4037216287752
STU_016608,90.30913585153678
STU_016609,78.62821274767111
STU_016610,82.4424726626412
STU_016611,58.26979582847753
STU_016612,88.57205775304897
STU_016613,80.25949260710536
STU_016614,68.61715453168927
STU_016615,89.14737663195683
STU_016616,79.95308557057274
STU_016617,82.7006854342078
STU_016618,75.27171938413017
STU_016619,84.50184831993488
STU_016620,66.64328588681929
STU_016621,77.74372670310004
STU_016622,78.92788241812127
STU_016623,75.0397293130477
STU_016624,85.92661330472765
STU_016625,73.29529714164755
STU_016626,66.29293599975017
STU_016627,95.22288838135694
STU_016628,87.32362786539647
STU_016629,65.75949404495282
STU_016630,73.08366444208582
STU_016631,69.4395092961297
STU_016632,65.32590466733609
STU_016633,69.4161891930512
STU_016634,63.933188948941506
STU_016635,84.7717344237617
STU_016636,81.5212517640955
STU_016637,69.98870371186922
STU_016638,72.57548581955461
STU_016639,57.07146632920626
STU_016640,99.02033917847677
STU_016641,74.00450407259518
STU_016642,61.93806819433212
STU_016643,72.03363906637856
STU_016644,76.11548217033965
STU_016645,76.11639177133179
STU_016646,83.0598833523286
STU_016647,68.13807227240864
STU_016648,76.768301554863
STU_016649,89.68454674026987
STU_016650,92.00520918445238
STU_016651,84.64367742971126
STU_016652,90.79975070697708
STU_016653,82.33356389437904
STU_016654,92.36116358154209
STU_016655,74.12743765209916
STU_016656,72.52477518869796
STU_016657,83.16683236480685
STU_016658,95.78205323333464
STU_016659,82.61778823626605
STU_016660,92.14522532311184
STU_016661,70.8211839507278
STU_016662,69.7253465704232
STU_016663,83.0750842886282
STU_016664,70.61043182024923
STU_016665,77.08542210056271
STU_016666,67.80012541632937
STU_016667,73.6430294875247
STU_016668,86.83745529383327
STU_016669,70.69717118931521
STU_016670,89.41590801870609
STU_016671,92.96074357984901
STU_016672,85.25456534238651
STU_016673,70.16613759177085
STU_016674,78.66305855562314
STU_016675,74.56594848678515
STU_016676,100.65112974686463
STU_016677,92.8887857783443
STU_016678,85.90446640325376
STU_016679,84.44480261434796
STU_016680,64.75563415112106
STU_016681,89.73956573115493
STU_016682,80.30258215317235
STU_016683,72.25462531993503
STU_016684,72.0931829579979
STU_016685,79.90922852637755
STU_016686,65.20498079754452
STU_016687,97.08744432206345
STU_016688,60.85745280411015
STU_016689,67.11780390109357
STU_016690,63.02500560791236
STU_016691,77.5450164127908
STU_016692,74.8883524547366
STU_016693,70.98203635879418
STU_016694,75.17255327196563
STU_016695,84.31753651885106
STU_016696,78.1342457872247
STU_016697,76.47292470592038
STU_016698,82.343240691436
STU_016699,73.70040732973234
STU_016700,71.52116930960574
STU_016701,78.49684835418043
STU_016702,88.13661540663475
STU_016703,80.45333347484825
STU_016704,81.59933017228855
STU_016705,81.99723844151663
STU_016706,72.35214450924377
STU_016707,81.78461022893498
STU_016708,83.9251304028603
STU_016709,53.95184399878849
STU_016710,73.07280862128164
STU_016711,63.53572386729161
STU_016712,56.37442026576696
STU_016713,84.2626225359611
STU_016714,95.30376528285876
STU_016715,69.99107982076202
STU_016716,70.85389173007457
STU_016717,86.0249511678644
STU_016718,60.26396820460718
STU_016719,79.2479919526611
STU_016720,91.65502991185713
STU_016721,78.15829824393404
STU_016722,71.58689814856689
STU_016723,68.8504769921501
STU_016724,73.72055196318706
STU_016725,68.53995058321561
STU_016726,65.20863558802944
STU_016727,68.87823330827587
STU_016728,60.93029691224842
STU_016729,77.98003666554519
STU_016730,78.68157455909409
STU_016731,56.10218810608012
STU_016732,88.39651049236465
STU_016733,79.92918140088341
STU_016734,64.64556275300856
STU_016735,73.6966083269865
STU_016736,63.97758214549003
STU_016737,72.11152363176757
STU_016738,74.35870380699475
STU_016739,80.11202533164806
STU_016740,64.21284334485745
STU_016741,77.86713107917421
STU_016742,86.2753937191776
STU_016743,78.32850894438957
STU_016744,60.85872805556005
STU_016745,59.7534315272062
STU_016746,50.28216012242319
STU_016747,78.70194686915625
STU_016748,80.26867673937113
STU_016749,59.766207126378504
STU_016750,87.80461647205425
STU_016751,89.38920991434452
STU_016752,60.40023962495252
STU_016753,69.98909417183722
STU_016754,107.82382171396091
STU_016755,74.6651057509307
STU_016756,70.47899384062725
STU_016757,83.29956143044706
STU_016758,57.256552985905955
STU_016759,102.73381590007182
STU_016760,71.3725140056265
STU_016761,75.82254272632485
STU_016762,76.07211170704431
STU_016763,84.79283404105036
STU_016764,64.54059705692771
STU_016765,84.20338253875639
STU_016766,86.80817120787151
STU_016767,79.19721072338643
STU_016768,82.447721086186
STU_016769,52.44352429930018
STU_016770,55.953619042461696
STU_016771,64.49574130960673
STU_016772,87.23676042513375
STU_016773,71.12971428031506
STU_016774,86.46520428685312
STU_016775,70.71141475239756
STU_016776,88.34489974457779
STU_016777,60.81238511539641
STU_016778,76.78574574045592
STU_016779,71.32195612297846
STU_016780,81.36546523243146
STU_016781,53.81019202132711
STU_016782,82.69522549096109
STU_016783,71.58218467728693
STU_016784,88.28428571445056
STU_016785,93.01819021681808
STU_016786,73.48142838606668
STU_016787,65.85201215282564
STU_016788,89.51008446971571
STU_016789,71.58769200465667
STU_016790,80.44889111158295
STU_016791,71.34937531777246
STU_016792,78.80198581044851
STU_016793,80.8359528911542
STU_016794,79.95771178934274
STU_016795,74.77856566045352
STU_016796,89.44732922478659
STU_016797,68.3170883113969
STU_016798,80.149046188385
STU_016799,87.5662118123505
STU_016800,66.35221523176892
STU_016801,64.40142056567674
STU_016802,61.913309077943495
STU_016803,83.63991424326423
STU_016804,80.39013056919612
STU_016805,55.74067933780589
STU_016806,73.22245899086397
STU_016807,83.76120634182553
STU_016808,80.13988711299771
STU_016809,80.7664241062389
STU_016810,55.564678586619266
STU_016811,77.28391382005384
STU_016812,73.93579645811974
STU_016813,75.92491835589567
STU_016814,87.6281458129954
STU_016815,72.34066478716318
STU_016816,74.61730768508528
STU_016817,87.5502004631071
STU_016818,55.83604650728307
STU_016819,82.67812080006388
STU_016820,81.71946394336237
STU_016821,78.03458945020316
STU_016822,71.62683181732586
STU_016823,101.34654246498508
STU_016824,81.7816492928282
STU_016825,82.92543684952602
STU_016826,59.64277296631212
STU_016827,79.50025126718765
STU_016828,74.46170936438011
STU_016829,82.93229223143771
STU_016830,70.74567564226686
STU_016831,82.90820961450436
STU_016832,73.37681853813683
STU_016833,66.34625713971354
STU_016834,87.67056241086834
STU_016835,81.77903636637166
STU_016836,83.65463669062956
STU_016837,95.38675901778322
STU_016838,91.85599075704317
STU_016839,69.60531140292869
STU_016840,79.87993150593934
STU_016841,100.33535804983717
STU_016842,75.78590867575372
STU_016843,73.02997317147947
STU_016844,85.13290191539818
STU_016845,68.34318083148628
STU_016846,70.92303183505919
STU_016847,67.24356115173418
STU_016848,56.092684948920805
STU_016849,74.88294191889872
STU_016850,80.9743441107737
STU_016851,62.98914480072767
STU_016852,84.09599735687311
STU_016853,81.76696279985185
STU_016854,84.79227661237564
STU_016855,78.87083657561925
STU_016856,87.73976877097539
STU_016857,67.67792851724153
STU_016858,53.810989563716475
STU_016859,94.7594693947384
STU_016860,95.02943977389316
STU_016861,76.92427062053434
STU_016862,88.91153786391976
STU_016863,102.19935427363487
STU_016864,47.914096253129856
STU_016865,86.77844393059604
STU_016866,71.55936570699441
STU_016867,88.1964044510928
STU_016868,73.21147136965624
STU_016869,84.85653621915958
STU_016870,68.15923590612124
STU_016871,64.26103786248541
STU_016872,79.3748946201215
STU_016873,87.08455071571211
STU_016874,75.1138154393202
STU_016875,85.51829079341996
STU_016876,55.50367419177633
STU_016877,99.40983461925146
STU_016878,56.933731201979526
STU_016879,84.66891853153106
STU_016880,87.18608345866892
STU_016881,70.53799902861601
STU_016882,76.90866860998085
STU_016883,91.74287069233264
STU_016884,67.9834736543653
STU_016885,85.8212309595574
STU_016886,83.06103756477
STU_016887,66.57267974185993
STU_016888,87.87851510657492
STU_016889,73.65191507504983
STU_016890,76.82639021514319
STU_016891,73.15524856361912
STU_016892,83.36380466956143
STU_016893,73.25854340729938
STU_016894,82.04789688067808
STU_016895,71.18221175227586
STU_016896,68.95755649274633
STU_016897,57.2393884705798
STU_016898,103.12107373965182
STU_016899,81.75601512719186
STU_016900,97.63772286128449
STU_016901,80.12137299677374
STU_016902,90.84664919271904
STU_016903,80.68098303230659
STU_016904,83.53570902746787
STU_016905,82.20802321494466
STU_016906,71.89681229964845
STU_016907,77.35952293773084
STU_016908,67.91482238696881
STU_016909,78.84695830981036
STU_016910,69.04624018925847
STU_016911,70.40217576062332
STU_016912,65.05027016343593
STU_016913,63.00118137433083
STU_016914,89.16056177504004
STU_016915,89.66291458615922
STU_016916,75.73728553697447
STU_016917,83.08389758225894
STU_016918,61.19893430784168
STU_016919,70.49881243724099
STU_016920,68.858759468563
STU_016921,73.81724403540716
STU_016922,75.83344505195873
STU_016923,84.40566323590679
STU_016924,59.63873931002877
STU_016925,81.8083028982735
STU_016926,73.89500470330199
STU_016927,52.3080242737135
STU_016928,73.63098544953209
STU_016929,71.18819090240322
STU_016930,94.6011810077357
STU_016931,47.641144298251675
STU_016932,78.48311408379709
STU_016933,82.43294754676481
STU_016934,68.77525726968224
STU_016935,75.98494039065508
STU_016936,56.482729630043195
STU_016937,72.19760603442842
STU_016938,85.19805611097195
STU_016939,92.01045379459731
STU_016940,88.04157304588193
STU_016941,72.7205618407022
STU_016942,85.43886621803404
STU_016943,71.21365853673387
STU_016944,80.38811118549711
STU_016945,87.82875000880381
STU_016946,71.21011992524905
STU_016947,77.92049599864913
STU_016948,74.41477673212944
STU_016949,69.27881194516226
STU_016950,72.78891562889999
STU_016951,97.93287612891606
STU_016952,66.33455156147511
STU_016953,67.73367553169419
STU_016954,74.76987098520522
STU_016955,87.0112229941044
STU_016956,88.64244992959402
STU_016957,69.21203296010162
STU_016958,72.72438065552387
STU_016959,89.88696985950037
STU_016960,76.50907025780111
STU_016961,67.87258191937235
STU_016962,75.06254890821879
STU_016963,86.44576914919321
STU_016964,86.27114717871223
STU_016965,87.37493591709062
STU_016966,77.00137498969366
STU_016967,87.94561248326681
STU_016968,91.83075787622056
STU_016969,67.736253435849
STU_016970,78.41029039637033
STU_016971,62.94219199843201
STU_016972,89.53240892353779
STU_016973,69.91755019111542
STU_016974,82.8127782469453
STU_016975,61.487633727841285
STU_016976,70.65029957547836
STU_016977,84.21390611200809
STU_016978,72.6129985306502
STU_016979,63.385323040736694
STU_016980,81.52953486663273
STU_016981,62.954894299215084
STU_016982,74.60918461136089
STU_016983,65.15355540888618
STU_016984,69.88751874482432
STU_016985,99.37334853078426
STU_016986,84.83917447783233
STU_016987,81.20297270445462
STU_016988,77.80000182383219
STU_016989,82.76075748743756
STU_016990,69.66940650351103
STU_016991,61.98249608069318
STU_016992,82.059427646009
STU_016993,66.47199921256924
STU_016994,66.8619173365962
STU_016995,72.9580260283924
STU_016996,86.77491003170621
STU_016997,83.59226926084307
STU_016998,92.45067720941927
STU_016999,103.5410695146054
STU_017000,86.07068137599185
STU_017001,80.5850529487393
STU_017002,84.76514345961459
STU_017003,90.2403418945604
STU_017004,70.90098973683985
STU_017005,78.0523642287501
STU_017006,82.11799407158537
STU_017007,77.28752313322343
STU_017008,79.42002767968756
STU_017009,86.12202719640413
STU_017010,79.29580098226097
STU_017011,48.81979264476081
STU_017012,53.798815538426425
STU_017013,95.22543640949289
STU_017014,74.9212340220895
STU_017015,85.05078870531133
STU_017016,90.57668575055959
STU_017017,65.73620752376928
STU_017018,78.50637291114958
STU_017019,55.35238317319022
STU_017020,69.70556634778382
STU_017021,81.63698131612023
STU_017022,74.1931141842806
STU_017023,59.29349547576271
STU_017024,62.1574325473257
STU_017025,68.08907226787346
STU_017026,78.67060547680921
STU_017027,83.40723925669431
STU_017028,73.18027416160385
STU_017029,85.8452166512418
STU_017030,92.08613537183942
STU_017031,59.57031878190128
STU_017032,86.40769355688212
STU_017033,83.62600107136382
STU_017034,71.87041767861797
STU_017035,66.2706207244446
STU_017036,84.90309177698532
STU_017037,93.38229174447395
STU_017038,92.759788181202
STU_017039,85.25136796725883
STU_017040,98.04328346949319
STU_017041,55.745495837876206
STU_017042,87.40875792430575
STU_017043,75.6445063478443
STU_017044,90.01945912566578
STU_017045,86.19362129582282
STU_017046,84.58701145658483
STU_017047,92.723620954534
STU_017048,72.25200218544524
STU_017049,86.36641491660953
STU_017050,69.11081600063903
STU_017051,79.15098675246418
STU_017052,88.78765899111318
STU_017053,82.39283259178683
STU_017054,89.00390991820132
STU_017055,76.95600697903956
STU_017056,78.45475059960154
STU_017057,95.12671475251068
STU_017058,80.28220238872382
STU_017059,58.29398125188072
STU_017060,68.33327032505417
STU_017061,86.5630187870222
STU_017062,66.29258466005695
STU_017063,73.54054426699236
STU_017064,57.591398532406856
STU_017065,92.77868443139357
STU_017066,69.56136679026167
STU_017067,95.42857504581741
STU_017068,74.40737845621061
STU_017069,86.05228828332679
STU_017070,81.91523760956852
STU_017071,78.13126082218196
STU_017072,75.28648773648933
STU_017073,86.79589959009854
STU_017074,87.06766304750431
STU_017075,97.76790557387812
STU_017076,49.6950881399473
STU_017077,85.67268401926185
STU_017078,67.48982189902586
STU_017079,58.50452059456234
STU_017080,63.33877152094419
STU_017081,77.59213002388265
STU_017082,82.00664662366944
STU_017083,68.5367178634981
STU_017084,59.29654027662764
STU_017085,65.81215601024542
STU_017086,88.85438251861922
STU_017087,76.12926441585205
STU_017088,84.86037599148494
STU_017089,67.38363496254237
STU_017090,82.05935206545428
STU_017091,69.9360570652484
STU_017092,85.61170724892622
STU_017093,62.42261669932577
STU_017094,78.3934262910202
STU_017095,58.56448695439144
STU_017096,58.08514226146144
STU_017097,63.493235520954386
STU_017098,47.36570328979428
STU_017099,76.59250851735464
STU_017100,86.00818210456828
STU_017101,78.9226876109667
STU_017102,72.71353301440331
STU_017103,79.1188441646575
STU_017104,78.86764625576188
STU_017105,73.67054433708677
STU_017106,64.05944720733737
STU_017107,42.88070296622982
STU_017108,78.76372434706013
STU_017109,69.88594040302814
STU_017110,71.73513848783682
STU_017111,82.70692383840174
STU_017112,79.0186711690169
STU_017113,70.57955932585014
STU_017114,79.88057290259508
STU_017115,73.67661193980757
STU_017116,99.78247276891852
STU_017117,47.1445033227194
STU_017118,86.19788380055638
STU_017119,77.32275585404523
STU_017120,87.79143324760275
STU_017121,78.7814270607762
STU_017122,102.3104742373024
STU_017123,62.25050552278958
STU_017124,74.54180258475435
STU_017125,76.06161580654543
STU_017126,88.24911652129822
STU_017127,65.13624567921306
STU_017128,72.46734476614984
STU_017129,56.699261578677124
STU_017130,79.86130706675522
STU_017131,69.64031268992562
STU_017132,73.80554618956171
STU_017133,75.35522485410388
STU_017134,92.8922906231578
STU_017135,61.168056934984406
STU_017136,83.71110905656997
STU_017137,60.68821828108389
STU_017138,76.01960779771639
STU_017139,86.76535719506296
STU_017140,76.35458467424701
STU_017141,88.8326319172495
STU_017142,87.11793855635528
STU_017143,55.74074877136127
STU_017144,89.06107526443543
STU_017145,83.9918594897731
STU_017146,94.04014060886072
STU_017147,96.21757116422009
STU_017148,75.10667526850193
STU_017149,77.8294433621545
STU_017150,58.14192442151739
STU_017151,77.87810802291665
STU_017152,77.89121158395483
STU_017153,78.3589789316402
STU_017154,77.2962509780566
STU_017155,56.528565296197485
STU_017156,64.33278688869132
STU_017157,75.57422213907307
STU_017158,84.72264464940167
STU_017159,71.1201258593901
STU_017160,55.06295156036208
STU_017161,80.69739497495425
STU_017162,74.89018674575755
STU_017163,76.22640125087923
STU_017164,83.95195078084566
STU_017165,67.93511290299875
STU_017166,72.97224346558437
STU_017167,61.96884313221267
STU_017168,79.31935530496116
STU_017169,87.68371443723481
STU_017170,84.20841513212577
STU_017171,92.21800740992114
STU_017172,68.05408352383347
STU_017173,56.25644946654529
STU_017174,55.78408155828606
STU_017175,94.35810337713644
STU_017176,82.70565379557411
STU_017177,76.17052223767541
STU_017178,85.7159631092793
STU_017179,85.09332750210729
STU_017180,74.82736453658254
STU_017181,88.78965411769536
STU_017182,71.58778548805526
STU_017183,103.96852630766193
STU_017184,78.48013538747409
STU_017185,95.52828611416999
STU_017186,68.78984816608113
STU_017187,82.30749221025144
STU_017188,82.82443505255196
STU_017189,48.23289459446801
STU_017190,81.79672257567108
STU_017191,68.84439040877942
STU_017192,67.09735848783748
STU_017193,65.1716326591029
STU_017194,76.53236821507812
STU_017195,73.81606415414399
STU_017196,76.22724131323935
STU_017197,77.99088665572572
STU_017198,72.98188073928623
STU_017199,73.10107663542112
STU_017200,72.87774028756667
STU_017201,74.86743612435725
STU_017202,83.76300460711423
STU_017203,70.87182028150619
STU_017204,71.04068344511325
STU_017205,82.14369868433619
STU_017206,78.27164899534205
STU_017207,99.07360824693023
STU_017208,56.258462226180654
STU_017209,60.76302353689016
STU_017210,44.1889857621818
STU_017211,78.07927442921141
STU_017212,88.93700684018052
STU_017213,91.660549989375
STU_017214,79.31395291894319
STU_017215,69.34967257455673
STU_017216,60.21291217377484
STU_017217,106.03795695137524
STU_017218,73.94197165520131
STU_017219,88.95589366429499
STU_017220,79.85394612500181
STU_017221,74.99257826067014
STU_017222,68.0664165147482
STU_017223,72.75051419505553
STU_017224,82.30236188123786
STU_017225,85.92795167318013
STU_017226,76.04384950209555
STU_017227,70.17333378929948
STU_017228,85.03846529472617
STU_017229,65.59864325923786
STU_017230,98.06900396852564
STU_017231,77.09183412833158
STU_017232,75.49318117563871
STU_017233,72.37611151115016
STU_017234,87.8694308559077
STU_017235,71.9424158962247
STU_017236,62.25851589481954
STU_017237,93.86552942601577
STU_017238,75.85884950207151
STU_017239,44.137137611566004
STU_017240,89.36751396909767
STU_017241,75.17532978233885
STU_017242,47.70618375500703
STU_017243,84.23078592112824
STU_017244,76.85675122537214
STU_017245,83.97355270538924
STU_017246,85.61306202997594
STU_017247,53.94629827278459
STU_017248,68.22843411858821
STU_017249,66.83868445250732
STU_017250,55.29326594821555
STU_017251,83.34616726555873
STU_017252,65.8718655606367
STU_017253,87.35846581511987
STU_017254,50.785091277906076
STU_017255,59.425148250258644
STU_017256,59.82670554988022
STU_017257,74.4077046824084
STU_017258,75.86726375697685
STU_017259,67.77980370784462
STU_017260,66.17212780193768
STU_017261,56.83986073663664
STU_017262,70.78707359191799
STU_017263,78.62264397998501
STU_017264,72.62169344910694
STU_017265,89.52029257648724
STU_017266,55.7684526535993
STU_017267,66.22385648753698
STU_017268,72.91394616363209
STU_017269,70.9931916651442
STU_017270,80.30142674490617
STU_017271,75.78109990957205
STU_017272,57.272751144690346
STU_017273,81.5935411423718
STU_017274,83.40595098660219
STU_017275,71.20760144354836
STU_017276,48.02009618904253
STU_017277,72.28111883079714
STU_017278,88.06953237296489
STU_017279,76.20887575706115
STU_017280,82.52940530405203
STU_017281,73.03159466273382
STU_017282,80.65915302337339
STU_017283,82.91999351558434
STU_017284,83.89650561140138
STU_017285,83.19469836650819
STU_017286,74.43786595622873
STU_017287,54.63179284072385
STU_017288,59.404492249825125
STU_017289,77.78998714670911
STU_017290,85.50079425856302
STU_017291,81.91670201588704
STU_017292,67.23350263316001
STU_017293,68.989137022578
STU_017294,67.37444251673992
STU_017295,74.65272326790796
STU_017296,70.94534594371885
STU_017297,86.52958473816079
STU_017298,72.47845504614293
STU_017299,68.98155361820181
STU_017300,60.815196429909975
STU_017301,65.26040696861241
STU_017302,71.64222462395287
STU_017303,92.71381467098024
STU_017304,84.25893179690343
STU_017305,80.93625734603779
STU_017306,82.13929264705712
STU_017307,97.77074612898377
STU_017308,96.88869799044676
STU_017309,88.89809689967558
STU_017310,70.23190001772969
STU_017311,77.9286057654549
STU_017312,74.27903723294867
STU_017313,83.74619961355961
STU_017314,78.82397042840034
STU_017315,83.47913906691542
STU_017316,76.96931104019063
STU_017317,85.41467982541644
STU_017318,43.231922822125625
STU_017319,67.58614283388079
STU_017320,80.84678126220979
STU_017321,79.58445669625894
STU_017322,74.84629935716544
STU_017323,84.91690946196513
STU_017324,86.65823756308941
STU_017325,86.9309736142718
STU_017326,70.22194694298037
STU_017327,78.33563612237276
STU_017328,81.59353480668346
STU_017329,39.74675615545425
STU_017330,86.1344962967678
STU_017331,68.96071209001434
STU_017332,68.41454477113439
STU_017333,67.09349142762721
STU_017334,78.45151960511612
STU_017335,79.63977761030947
STU_017336,66.08162297432682
STU_017337,75.37470125020695
STU_017338,77.55415720008364
STU_017339,98.09797915155605
STU_017340,84.30630384108076
STU_017341,90.93437073444795
STU_017342,63.50264533500922
STU_017343,83.78602875184538
STU_017344,64.17366141672392
STU_017345,71.72474162465392
STU_017346,55.54845211338716
STU_017347,90.32623900586725
STU_017348,73.83951360841093
STU_017349,85.58628370144834
STU_017350,56.491803398853335
STU_017351,66.93524242845592
STU_017352,62.84698561531445
STU_017353,61.18217388184871
STU_017354,84.440164590741
STU_017355,62.286875926434504
STU_017356,73.94748337776582
STU_017357,65.95109784434999
STU_017358,68.13487044680664
STU_017359,82.67714148852815
STU_017360,95.53139563849345
STU_017361,93.13633285647165
STU_017362,66.25277841767434
STU_017363,82.49883528743703
STU_017364,93.17568135420231
STU_017365,80.00043123343471
STU_017366,78.8113050117222
STU_017367,104.5641403349573
STU_017368,67.94477230447069
STU_017369,58.23246941808861
STU_017370,79.87769039223781
STU_017371,79.28680632874011
STU_017372,80.30454903638747
STU_017373,62.98697963410518
STU_017374,59.06760980134845
STU_017375,81.58077915628405
STU_017376,70.80641225545719
STU_017377,70.85997276061357
STU_017378,76.96885699444465
STU_017379,65.97980846484393
STU_017380,65.00633544667744
STU_017381,59.5563818843566
STU_017382,81.1618691773906
STU_017383,78.24566064658484
STU_017384,75.00798588868543
STU_017385,75.30024299321576
STU_017386,73.9187551221246
STU_017387,77.46087124423366
STU_017388,74.50011071816289
STU_017389,80.71466114762711
STU_017390,76.74689432719083
STU_017391,68.33773324248477
STU_017392,70.10027068543218
STU_017393,62.31870182360285
STU_017394,68.59341376460111
STU_017395,54.632095839764816
STU_017396,82.91998188337448
STU_017397,78.74481870156524
STU_017398,85.7470379019801
STU_017399,89.8244578986928
STU_017400,52.67031227093821
STU_017401,51.78392483091443
STU_017402,88.66169037073303
STU_017403,66.761214690011
STU_017404,72.88764558613707
STU_017405,68.4740143606275
STU_017406,74.28770085558108
STU_017407,67.18612200549069
STU_017408,79.79254605983215
STU_017409,70.43106167377528
STU_017410,75.59871322359459
STU_017411,60.114077378412276
STU_017412,78.53093301776516
STU_017413,76.23987897898814
STU_017414,77.50656940054864
STU_017415,54.018447242773846
STU_017416,67.24652387199217
STU_017417,75.96139616603205
STU_017418,82.88169557393644
STU_017419,57.504591451504666
STU_017420,80.83612982215095
STU_017421,78.32691511019016
STU_017422,80.31076753560137
STU_017423,75.07749233827371
STU_017424,68.77258403479891
STU_017425,76.13158215407998
STU_017426,70.77138019815902
STU_017427,79.19849907391745
STU_017428,68.18660928679651
STU_017429,58.83167823117833
STU_017430,94.98277316301028
STU_017431,70.48206307535474
STU_017432,91.57608882114698
STU_017433,87.047816393615
STU_017434,70.27738121816151
STU_017435,79.79629421790742
STU_017436,70.77353753369698
STU_017437,78.14088987861737
STU_017438,95.32373780816943
STU_017439,62.24634069918034
STU_017440,86.88943980329736
STU_017441,42.99452953874993
STU_017442,73.47987511523093
STU_017443,85.33351682717444
STU_017444,81.14511402253947
STU_017445,87.65119764659266
STU_017446,81.79872031876039
STU_017447,61.703628089733
STU_017448,77.78748711335152
STU_017449,78.69240766782218
STU_017450,76.41314026596433
STU_017451,69.44913083831148
STU_017452,77.27495272450255
STU_017453,94.28496887811525
STU_017454,63.33670843304935
STU_017455,90.00499324933799
STU_017456,77.38401568992208
STU_017457,67.57748902716435
STU_017458,65.96826498107407
STU_017459,79.37827134308031
STU_017460,67.21435475754402
STU_017461,82.0320110150019
STU_017462,79.74203579761183
STU_017463,91.41670575249589
STU_017464,81.22259090949706
STU_017465,77.77253354994332
STU_017466,79.42244198326307
STU_017467,54.2902324669019
STU_017468,83.77522480078551
STU_017469,84.2735290130322
STU_017470,83.05449289601097
STU_017471,81.22351987339493
STU_017472,69.38055715416453
STU_017473,91.0656397044105
STU_017474,40.048727966857086
STU_017475,61.94328606888757
STU_017476,64.85854129871836
STU_017477,68.18886993143292
STU_017478,55.27373333143987
STU_017479,75.67152594355866
STU_017480,95.11171890985656
STU_017481,94.69688793384603
STU_017482,81.06100777409051
STU_017483,84.33982290587733
STU_017484,82.47968197844921
STU_017485,90.12320482815278
STU_017486,71.6743355650608
STU_017487,84.15320157695623
STU_017488,65.9131133401986
STU_017489,66.1659788998561
STU_017490,85.261184793638
STU_017491,77.17738897469894
STU_017492,58.33668486019724
STU_017493,81.83170816889196
STU_017494,86.62715452247585
STU_017495,51.62548851692782
STU_017496,73.620053303757
STU_017497,80.79913265812638
STU_017498,55.039729058077
STU_017499,81.24462790711755
STU_017500,80.5248118485033
STU_017501,75.02360159374007
STU_017502,90.62620543521587
STU_017503,73.04875405370808
STU_017504,81.2621166049048
STU_017505,79.36691265045647
STU_017506,84.986222279392
STU_017507,55.56564930365698
STU_017508,68.8160109646592
STU_017509,83.5882065930798
STU_017510,92.39663413005712
STU_017511,71.39235026396432
STU_017512,64.50190684614495
STU_017513,78.4821792261705
STU_017514,70.63617750627759
STU_017515,76.24562699684338
STU_017516,93.69759581963422
STU_017517,83.2001499661435
STU_017518,85.80219619638456
STU_017519,92.13918321648168
STU_017520,101.19101017349351
STU_017521,63.31685827030674
STU_017522,69.2660523398838
STU_017523,83.55780316466803
STU_017524,56.04859682343226
STU_017525,73.19177028947115
STU_017526,73.59039197390439
STU_017527,81.1870762865019
STU_017528,72.08158278043288
STU_017529,95.20156283345602
STU_017530,81.59406337496443
STU_017531,86.04187148140863
STU_017532,64.55544826339747
STU_017533,70.96362538127732
STU_017534,57.25246388750952
STU_017535,74.54959508898173
STU_017536,80.8576591031665
STU_017537,87.8349132418341
STU_017538,89.65818022200278
STU_017539,74.9286285218966
STU_017540,98.27856185826784
STU_017541,52.31098736672834
STU_017542,69.12597844521338
STU_017543,84.57049129735697
STU_017544,95.32285182463897
STU_017545,70.22251108808132
STU_017546,56.615943042265826
STU_017547,89.58397113470573
STU_017548,80.56369196517744
STU_017549,99.77597024896806
STU_017550,75.06071573952886
STU_017551,100.16810585764233
STU_017552,53.703589835490675
STU_017553,79.74990016293032
STU_017554,66.93553875115185
STU_017555,75.65504133093827
STU_017556,77.45467568945969
STU_017557,59.79931988773842
STU_017558,53.51178392621341
STU_017559,77.95139266310116
STU_017560,65.8930688020339
STU_017561,94.5708280967923
STU_017562,58.105460965398834
STU_017563,72.4937557571725
STU_017564,74.96533637135417
STU_017565,74.26879453436118
STU_017566,86.95487160377411
STU_017567,68.37906588129067
STU_017568,67.755346938706
STU_017569,76.5811065143198
STU_017570,104.56114757964701
STU_017571,86.01624726955106
STU_017572,77.2024083959609
STU_017573,74.63923826054997
STU_017574,78.03267117692849
STU_017575,85.29134197140797
STU_017576,77.3875313483652
STU_017577,70.71655820529418
STU_017578,74.4507850804473
STU_017579,76.4094240180982
STU_017580,71.07573943544094
STU_017581,74.17066707967047
STU_017582,74.85109634802689
STU_017583,89.36304536298769
STU_017584,59.814831268538
STU_017585,64.62972326009276
STU_017586,80.2386615874932
STU_017587,66.93694886382036
STU_017588,72.5653800997136
STU_017589,86.51891020489529
STU_017590,74.45674788856059
STU_017591,83.24071755212572
STU_017592,65.00121760091838
STU_017593,61.60922125590082
STU_017594,58.45297576969028
STU_017595,100.51559920009174
STU_017596,73.17600192077566
STU_017597,91.1540369639738
STU_017598,52.567773854596226
STU_017599,64.96929643272597
STU_017600,73.85327882977094
STU_017601,72.11995318020672
STU_017602,63.25889525327284
STU_017603,89.79935802115028
STU_017604,79.77213806739587
STU_017605,69.76561511252339
STU_017606,83.70956531847514
STU_017607,79.88609154407277
STU_017608,90.38141741570905
STU_017609,71.03218336486748
STU_017610,75.28755844781676
STU_017611,79.2883939381345
STU_017612,96.88753173405803
STU_017613,84.76069980896659
STU_017614,86.11748914963619
STU_017615,68.29784781229182
STU_017616,83.68017011155166
STU_017617,82.8583802655071
STU_017618,47.13745976966561
STU_017619,66.54362715915363
STU_017620,74.90430801096636
STU_017621,82.86250922192903
STU_017622,90.98339096955999
STU_017623,64.8814059584829
STU_017624,72.09277959580436
STU_017625,71.97421412190624
STU_017626,48.642852446032975
STU_017627,51.360261438455154
STU_017628,75.68271269891034
STU_017629,65.47956246675358
STU_017630,62.04512577675814
STU_017631,60.49882744102865
STU_017632,79.0968888390355
STU_017633,76.39568496391121
STU_017634,79.33374140183219
STU_017635,75.11419247411686
STU_017636,72.06773396296944
STU_017637,91.82041870658713
STU_017638,64.83542833937213
STU_017639,84.21377946267626
STU_017640,89.95716626190972
STU_017641,92.88510777765669
STU_017642,68.81027104045916
STU_017643,72.84554097565388
STU_017644,79.45267182611792
STU_017645,74.61167559474916
STU_017646,80.67875299670959
STU_017647,64.94724133722139
STU_017648,86.14396459762952
STU_017649,92.77711144194836
STU_017650,98.88588479444638
STU_017651,70.95511582026961
STU_017652,77.51002958852382
STU_017653,94.28775791373357
STU_017654,76.3695503707579
STU_017655,79.38639183970736
STU_017656,85.48111717997222
STU_017657,58.410281413343
STU_017658,68.75261219416052
STU_017659,109.8523688632173
STU_017660,80.41310010387747
STU_017661,77.31372812366635
STU_017662,68.0011170444036
STU_017663,74.15816222063154
STU_017664,77.79325751596161
STU_017665,74.39949337700818
STU_017666,76.77038718490121
STU_017667,65.0201550095519
STU_017668,73.25723216118149
STU_017669,69.40335966158045
STU_017670,56.39114397139292
STU_017671,71.0357541578901
STU_017672,57.66844301405331
STU_017673,77.22518030792867
STU_017674,74.55673434631399
STU_017675,75.54813761176979
STU_017676,68.05338896546436
STU_017677,83.32835300313377
STU_017678,80.50030333067593
STU_017679,91.87064834113482
STU_017680,68.91318439063343
STU_017681,91.08882045315545
STU_017682,73.09188021365776
STU_017683,77.9913777367351
STU_017684,87.0334777142964
STU_017685,72.90861373681014
STU_017686,58.42873984873245
STU_017687,69.39976687318585
STU_017688,71.99583669473236
STU_017689,85.2027069161602
STU_017690,70.31107492004116
STU_017691,75.81737777589524
STU_017692,74.37918682888107
STU_017693,62.93021133618731
STU_017694,81.37371823000854
STU_017695,89.49211104213157
STU_017696,76.73167113198633
STU_017697,47.13687896715123
STU_017698,53.308908694949196
STU_017699,90.29689045108194
STU_017700,59.29995150444347
STU_017701,49.68522519344788
STU_017702,78.29763368150066
STU_017703,79.2959182456741
STU_017704,65.39561999025955
STU_017705,56.66319686773318
STU_017706,77.35429888516796
STU_017707,54.338279614630665
STU_017708,90.77605556849392
STU_017709,90.12663102054228
STU_017710,79.92225962342764
STU_017711,107.47428724679264
STU_017712,75.31836595600839
STU_017713,72.94774991137683
STU_017714,77.32436337671993
STU_017715,70.58744857803254
STU_017716,58.474697828774424
STU_017717,73.582496158499
STU_017718,99.09363724310344
STU_017719,68.67387582630295
STU_017720,76.97138381923037
STU_017721,84.45813590051193
STU_017722,101.54570089655635
STU_017723,74.79730624119065
STU_017724,67.1915458904225
STU_017725,93.45060279181416
STU_017726,91.68720353907133
STU_017727,78.21208201582135
STU_017728,84.61484517258259
STU_017729,75.44331350924517
STU_017730,66.02399553852115
STU_017731,58.54579544450485
STU_017732,78.61903238729201
STU_017733,62.527806394938125
STU_017734,68.16483426615787
STU_017735,68.7634154386069
STU_017736,74.69285791663742
STU_017737,66.75025708716157
STU_017738,88.14377646154958
STU_017739,81.74230226602958
STU_017740,81.18235661410381
STU_017741,87.04107328167288
STU_017742,85.27554815833264
STU_017743,78.28088021815711
STU_017744,92.07215148190187
STU_017745,78.29333538774699
STU_017746,78.86380745911083
STU_017747,75.31950080360957
STU_017748,64.8552323745887
STU_017749,65.91528455815023
STU_017750,83.68644187193718
STU_017751,77.06510413362048
STU_017752,75.59786508203342
STU_017753,89.79502961102105
STU_017754,87.2203121570833
STU_017755,89.55141228451498
STU_017756,86.41282541924193
STU_017757,53.57057349601541
STU_017758,67.65375544979975
STU_017759,72.21510053189536
STU_017760,94.97805037434534
STU_017761,64.24976138544594
STU_017762,96.15246526417877
STU_017763,92.33283106211218
STU_017764,60.322880971114046
STU_017765,85.91543807400149
STU_017766,84.41640581019988
STU_017767,62.04402817104028
STU_017768,63.23755847391044
STU_017769,86.3510056211901
STU_017770,78.03202719925503
STU_017771,60.330987228982394
STU_017772,74.03152653562029
STU_017773,59.225804349681766
STU_017774,96.0404746410644
STU_017775,84.69668256114642
STU_017776,81.52611854949873
STU_017777,76.77236624926422
STU_017778,81.79309899281884
STU_017779,49.90395307062431
STU_017780,73.15394594278882
STU_017781,84.20383620959251
STU_017782,75.98075733764517
STU_017783,68.65886781485415
STU_017784,83.87193797863733
STU_017785,90.60852872369333
STU_017786,74.68861743062166
STU_017787,90.37561842729531
STU_017788,77.2095588541224
STU_017789,88.04475330317541
STU_017790,57.16726308296825
STU_017791,88.44617427807054
STU_017792,63.71664703216197
STU_017793,65.71942929258944
STU_017794,69.41470930976584
STU_017795,75.35127311162387
STU_017796,81.63767043326789
STU_017797,89.92892676966335
STU_017798,88.63633407109944
STU_017799,103.6325027248306
STU_017800,87.34412868009326
STU_017801,77.23029395159006
STU_017802,95.93449955383926
STU_017803,67.11317235341585
STU_017804,82.6408703047955
STU_017805,72.55954691666966
STU_017806,65.2747286907113
STU_017807,93.41825286954077
STU_017808,78.44180137289777
STU_017809,80.84511920514728
STU_017810,99.04435360192929
STU_017811,71.4693128076824
STU_017812,90.21855033623751
STU_017813,81.57730925697183
STU_017814,78.58092303612898
STU_017815,67.77865745252757
STU_017816,57.698231566412005
STU_017817,55.62150601706003
STU_017818,89.16041971752065
STU_017819,86.6742453473928
STU_017820,87.41226270242464
STU_017821,76.65335205271731
STU_017822,89.601152584401
STU_017823,94.14244040567644
STU_017824,58.11662001105901
STU_017825,76.52807694744092
STU_017826,81.21963105786085
STU_017827,91.21444112116001
STU_017828,64.45065227819691
STU_017829,56.13637319120312
STU_017830,69.22212920693687
STU_017831,79.3125579461539
STU_017832,77.67710278217965
STU_017833,54.64754294088175
STU_017834,79.9428824228255
STU_017835,67.15951389939005
STU_017836,81.73821946300768
STU_017837,75.75196789104643
STU_017838,66.80479650059192
STU_017839,88.89105150960813
STU_017840,71.84691354637584
STU_017841,88.15350851055132
STU_017842,84.66003100178114
STU_017843,83.03705794883695
STU_017844,71.33449307522073
STU_017845,96.48882791920482
STU_017846,87.59298186932028
STU_017847,59.617358053385715
STU_017848,65.93946568517254
STU_017849,51.83492547160381
STU_017850,70.05176218742122
STU_017851,65.47778131229506
STU_017852,78.01644553658753
STU_017853,71.96560114849513
STU_017854,96.30488704086656
STU_017855,54.96735979403866
STU_017856,85.13794327412006
STU_017857,86.75188776430537
STU_017858,75.87841050188126
STU_017859,63.216199854707384
STU_017860,82.9407118002373
STU_017861,85.1449475571701
STU_017862,71.95804092814365
STU_017863,88.14897841239122
STU_017864,79.60841764611041
STU_017865,67.97639406576855
STU_017866,82.22963905413803
STU_017867,56.60251166055605
STU_017868,98.03784265131515
STU_017869,49.99059019561378
STU_017870,74.9110737369092
STU_017871,91.02236887914967
STU_017872,77.8694455176742
STU_017873,89.72514638338669
STU_017874,78.31195659933337
STU_017875,74.56268876233867
STU_017876,72.34827683875756
STU_017877,56.106131545303015
STU_017878,84.1452875293885
STU_017879,60.447491586028264
STU_017880,87.16465888538869
STU_017881,73.96879942688656
STU_017882,72.90237461262518
STU_017883,89.77625217243406
STU_017884,59.26534823771067
STU_017885,70.60993346522582
STU_017886,80.40327969879831
STU_017887,61.00969683963103
STU_017888,71.15642599014564
STU_017889,101.13076305917662
STU_017890,104.39024452115439
STU_017891,74.8323824619406
STU_017892,48.68118610962483
STU_017893,83.47115206528497
STU_017894,61.368726347245
STU_017895,74.97933817847957
STU_017896,80.38388694234686
STU_017897,68.37310097327872
STU_017898,80.99830387397492
STU_017899,85.4897238260562
STU_017900,70.41598732949251
STU_017901,90.49456223603738
STU_017902,67.6201905456362
STU_017903,74.06620793128536
STU_017904,80.38450205988579
STU_017905,76.91557301392231
STU_017906,72.48340537925083
STU_017907,76.14088584667388
STU_017908,73.15365542973495
STU_017909,73.0560116703573
STU_017910,73.21798181691065
STU_017911,65.32433315209346
STU_017912,85.70504979745238
STU_017913,86.6781439333538
STU_017914,71.97660402382735
STU_017915,77.24632903024985
STU_017916,82.43637222902271
STU_017917,80.33966135758192
STU_017918,81.6035831879633
STU_017919,88.22301180337945
STU_017920,63.67491373761891
STU_017921,91.18533092551536
STU_017922,77.3054921344451
STU_017923,71.47024324976087
STU_017924,77.59779012510421
STU_017925,75.26319506486061
STU_017926,80.20244549522067
STU_017927,97.92884447597135
STU_017928,89.25873647680214
STU_017929,83.33919088247808
STU_017930,76.40642559809226
STU_017931,64.66352436460602
STU_017932,95.10436312866841
STU_017933,92.39387000850343
STU_017934,91.64584076545748
STU_017935,77.45030413260702
STU_017936,55.55815485983544
STU_017937,77.04823345560726
STU_017938,58.21210168268203
STU_017939,87.72211196447802
STU_017940,78.71313652794151
STU_017941,71.12932325341421
STU_017942,71.46698206377687
STU_017943,49.32098139883328
STU_017944,73.40246782651298
STU_017945,82.8204821899808
STU_017946,66.8996780386426
STU_017947,55.51810234547361
STU_017948,72.93124085992531
STU_017949,59.73904707351289
STU_017950,57.32202030522785
STU_017951,72.81727574476622
STU_017952,91.37091710855861
STU_017953,67.91820748176542
STU_017954,100.00061199986158
STU_017955,70.94440786184236
STU_017956,77.03131741044308
STU_017957,70.02389944989136
STU_017958,55.62633518763073
STU_017959,77.40707194564789
STU_017960,79.70956640294571
STU_017961,80.72805436117096
STU_017962,62.641169469807664
STU_017963,63.43879291205303
STU_017964,56.85176247820664
STU_017965,94.00704264330204
STU_017966,77.97230282970531
STU_017967,75.41522024648452
STU_017968,86.2839333664599
STU_017969,80.34746337931438
STU_017970,49.80546677594862
STU_017971,62.8647594064405
STU_017972,71.64473875276303
STU_017973,67.27589369956195
STU_017974,82.20715708445573
STU_017975,66.47869484610419
STU_017976,70.40574193542079
STU_017977,87.1657229829641
STU_017978,64.19018110315119
STU_017979,76.99266117764023
STU_017980,56.82913476482736
STU_017981,91.53505808430316
STU_017982,72.79251462104071
STU_017983,79.18005552529871
STU_017984,70.00732642250432
STU_017985,68.26453603193727
STU_017986,67.77427983357734
STU_017987,83.52679212582348
STU_017988,68.27921085364369
STU_017989,79.9748843175812
STU_017990,73.62321697826587
STU_017991,83.87068319686045
STU_017992,48.565944805042136
STU_017993,92.4760433329161
STU_017994,83.47800213045002
STU_017995,77.99531897948077
STU_017996,59.32058470802849
STU_017997,73.50749517380586
STU_017998,78.9897563763318
STU_017999,81.62029581983893
STU_018000,94.8639118158136
STU_018001,76.39769053159102
STU_018002,60.855058083720905
STU_018003,69.97850959349262
STU_018004,80.2674308793712
STU_018005,81.62728310379703
STU_018006,61.57094215615166
STU_018007,96.0430788345775
STU_018008,85.77374643398457
STU_018009,81.72420299819419
STU_018010,76.59095315490185
STU_018011,87.38269727575448
STU_018012,66.19102982949198
STU_018013,80.04994942989333
STU_018014,69.91026342542
STU_018015,78.24415333353886
STU_018016,75.37925976983547
STU_018017,86.58671212472404
STU_018018,104.83089406143449
STU_018019,64.72223921710497
STU_018020,75.59649739265569
STU_018021,68.768787083392
STU_018022,86.00066630658534
STU_018023,81.13893742787741
STU_018024,46.52525144062565
STU_018025,76.52139010415613
STU_018026,73.53739057593384
STU_018027,85.96110585296879
STU_018028,97.46997812928578
STU_018029,74.74907275034752
STU_018030,89.30612493496949
STU_018031,87.03037305646444
STU_018032,73.42822517823538
STU_018033,85.3274909537779
STU_018034,74.05759718288618
STU_018035,90.58219040087693
STU_018036,74.26347667141818
STU_018037,46.456366382086344
STU_018038,73.98182231680403
STU_018039,83.96807570196097
STU_018040,72.4375668150858
STU_018041,65.57638297554763
STU_018042,62.34514636217591
STU_018043,83.90846661515911
STU_018044,79.58322678760942
STU_018045,70.51879189454257
STU_018046,84.91216969774496
STU_018047,58.71961059311616
STU_018048,97.14512323397469
STU_018049,99.83578018986077
STU_018050,82.0129719655215
STU_018051,60.537934024845526
STU_018052,68.45706775345298
STU_018053,61.67959165385537
STU_018054,55.39419021967797
STU_018055,100.9729188867284
STU_018056,37.860945867731516
STU_018057,63.40161890710033
STU_018058,88.19199067255272
STU_018059,94.94289124576801
STU_018060,66.21569415039608
STU_018061,72.58133677877163
STU_018062,84.88859389982326
STU_018063,73.05349541164082
STU_018064,80.0615991176303
STU_018065,82.61724439258137
STU_018066,96.22707245969161
STU_018067,92.54924567086346
STU_018068,80.33738831566916
STU_018069,78.8773226633241
STU_018070,75.48508629444518
STU_018071,92.80182625413602
STU_018072,85.9888218008216
STU_018073,65.50656201550646
STU_018074,74.48285569298605
STU_018075,73.58246291091291
STU_018076,70.37044269794774
STU_018077,59.03105243897858
STU_018078,69.18285652460054
STU_018079,76.00637618424025
STU_018080,90.41151074205197
STU_018081,76.33745568642689
STU_018082,75.42454911476125
STU_018083,88.82551306667028
STU_018084,69.12803682821504
STU_018085,76.2846176114765
STU_018086,83.26444361246763
STU_018087,81.61519949525177
STU_018088,66.10400131584765
STU_018089,62.10787031311406
STU_018090,58.294132041886314
STU_018091,79.39955043544865
STU_018092,71.97354153104584
STU_018093,63.97545023669113
STU_018094,73.36438082390691
STU_018095,78.42090346921918
STU_018096,62.374977274636876
STU_018097,80.23913702176014
STU_018098,69.92444671143767
STU_018099,67.58021976704003
STU_018100,97.40968578280047
STU_018101,79.08968119276483
STU_018102,56.36306977898221
STU_018103,94.62660309961154
STU_018104,59.95772447365971
STU_018105,51.82190758381944
STU_018106,77.20627624991175
STU_018107,75.42793228073242
STU_018108,73.65832067377187
STU_018109,82.66412924737733
STU_018110,79.33813640578046
STU_018111,79.95508085334154
STU_018112,73.52482860884174
STU_018113,56.08927823348495
STU_018114,81.28826862241795
STU_018115,77.90365755499579
STU_018116,69.25657990496711
STU_018117,83.21594214858283
STU_018118,72.30686552837369
STU_018119,98.42525839692064
STU_018120,53.24176024857661
STU_018121,93.02346640643327
STU_018122,82.44033854781446
STU_018123,74.92375086373863
STU_018124,78.63673836184194
STU_018125,66.92787021371487
STU_018126,54.81021702351791
STU_018127,65.04197903128829
STU_018128,55.349937548319076
STU_018129,76.05707387401071
STU_018130,88.68422600887459
STU_018131,73.91205989427567
STU_018132,98.99783819308914
STU_018133,78.07481476727412
STU_018134,98.58182679010486
STU_018135,102.86601553337266
STU_018136,59.256285208785584
STU_018137,73.62413606003975
STU_018138,90.40888311276774
STU_018139,79.66187044638264
STU_018140,54.07076411451044
STU_018141,63.68732248546826
STU_018142,78.9428973553056
STU_018143,65.7666525533607
STU_018144,59.814949626742646
STU_018145,73.17271252044816
STU_018146,56.19442165586065
STU_018147,81.88779205286596
STU_018148,72.71277945100837
STU_018149,69.34091801510567
STU_018150,80.886856408129
STU_018151,66.77669850668008
STU_018152,60.42158322092382
STU_018153,87.2284579792913
STU_018154,56.0995132113394
STU_018155,84.28797643867392
STU_018156,92.74159737503578
STU_018157,55.80410674835616
STU_018158,67.50210123905458
STU_018159,67.73953645257734
STU_018160,60.28708271150572
STU_018161,81.30515597275121
STU_018162,67.0117539760065
STU_018163,90.78830112593039
STU_018164,71.2986694511028
STU_018165,60.713247137536655
STU_018166,76.53531169636062
STU_018167,72.49648501034426
STU_018168,76.59352343652017
STU_018169,71.35984890494183
STU_018170,53.104923375098906
STU_018171,70.00433638271443
STU_018172,80.32904593697367
STU_018173,72.14562348730419
STU_018174,80.37644383887618
STU_018175,79.44421458396437
STU_018176,78.02110534900203
STU_018177,76.11283968057978
STU_018178,70.7256232300233
STU_018179,62.50634408628639
STU_018180,86.97011772226233
STU_018181,68.50268793248642
STU_018182,75.9539080588977
STU_018183,65.14808585351898
STU_018184,66.09505548916582
STU_018185,56.93515152817645
STU_018186,84.94203310995886
STU_018187,64.66331445888386
STU_018188,85.77788512987195
STU_018189,77.77296442873194
STU_018190,70.2043760124102
STU_018191,87.58621568815897
STU_018192,82.38639910056077
STU_018193,79.43581514973835
STU_018194,75.50657803799913
STU_018195,83.29474499249432
STU_018196,53.181007027737905
STU_018197,80.8427122289213
STU_018198,79.67544517322062
STU_018199,75.20527872685011
STU_018200,84.04345151808661
STU_018201,71.57484133648722
STU_018202,54.74193647376137
STU_018203,81.54794437541182
STU_018204,71.06056894548556
STU_018205,71.06111149159051
STU_018206,70.55437216156247
STU_018207,80.36490614231843
STU_018208,79.09375067562564
STU_018209,61.74099675378807
STU_018210,82.74993928730282
STU_018211,102.43725152193997
STU_018212,71.68846433425074
STU_018213,57.088470504997304
STU_018214,82.25641878978468
STU_018215,74.60580903655682
STU_018216,83.83453414835117
STU_018217,52.893833983582
STU_018218,68.40954534597518
STU_018219,89.37601165433898
STU_018220,81.48266675935565
STU_018221,91.7331199240881
STU_018222,87.12158223201868
STU_018223,84.03953450344488
STU_018224,87.26870064465015
STU_018225,74.55483082781484
STU_018226,80.22254566456604
STU_018227,75.42012191834056
STU_018228,81.05954152239087
STU_018229,77.3444199871883
STU_018230,87.62936463108372
STU_018231,76.0277139030868
STU_018232,63.27105817212623
STU_018233,58.95356421849874
STU_018234,94.42979145351342
STU_018235,87.28673700486092
STU_018236,97.27509292903335
STU_018237,59.38338729804673
STU_018238,73.43528426071612
STU_018239,85.86399328720381
STU_018240,60.82086785073807
STU_018241,88.67368441098813
STU_018242,76.13546452957371
STU_018243,78.4722897694337
STU_018244,82.34530470787422
STU_018245,68.08494200681139
STU_018246,77.49823952943711
STU_018247,61.98758293136416
STU_018248,75.91451881885041
STU_018249,78.16052067145802
STU_018250,70.37095933536943
STU_018251,71.12357182837854
STU_018252,92.38951271027247
STU_018253,60.79442492597855
STU_018254,85.56378663772557
STU_018255,77.01095678832826
STU_018256,82.0436281297093
STU_018257,77.1353686877278
STU_018258,82.12046748594298
STU_018259,79.81129007855725
STU_018260,84.81376953490667
STU_018261,75.42819807505111
STU_018262,55.166626810502066
STU_018263,75.19870618493292
STU_018264,75.58551388829642
STU_018265,75.43068763379733
STU_018266,90.81835420546395
STU_018267,73.31869992306088
STU_018268,74.24916233788554
STU_018269,66.55792962522241
STU_018270,65.85437439881684
STU_018271,74.9217073555019
STU_018272,52.470540922460486
STU_018273,93.55423791208739
STU_018274,68.2593004723426
STU_018275,84.1868737201944
STU_018276,85.87061324306615
STU_018277,83.09859992283373
STU_018278,74.68401899242122
STU_018279,60.76010163122396
STU_018280,84.21789236386189
STU_018281,88.61138799195646
STU_018282,74.21559311628926
STU_018283,69.29078954951979
STU_018284,76.17249280849728
STU_018285,92.23523326467341
STU_018286,65.12622875670081
STU_018287,93.16726779115311
STU_018288,61.0171089611224
STU_018289,84.88353384892002
STU_018290,69.25334586572353
STU_018291,75.26361360945134
STU_018292,84.52696194670034
STU_018293,79.2220698626436
STU_018294,80.71565070285169
STU_018295,55.033050376370966
STU_018296,77.16844824188001
STU_018297,80.19602320937452
STU_018298,102.355724714379
STU_018299,65.97357438685322
STU_018300,78.17015269170179
STU_018301,72.0424015875899
STU_018302,69.20479396969995
STU_018303,95.69948158921522
STU_018304,60.996123902743875
STU_018305,63.95367151497726
STU_018306,59.05559457004938
STU_018307,73.40428042826716
STU_018308,82.99217563252341
STU_018309,66.20255651626485
STU_018310,91.36719764510497
STU_018311,66.88211213736372
STU_018312,74.69503596986556
STU_018313,83.07619811682298
STU_018314,71.35371523489948
STU_018315,84.84720661705478
STU_018316,72.82254926717837
STU_018317,79.76070455815784
STU_018318,62.420569514270255
STU_018319,63.23413059217819
STU_018320,83.60558400295827
STU_018321,90.20941544285517
STU_018322,75.78320394802404
STU_018323,104.10015580941229
STU_018324,60.52150317863766
STU_018325,75.6242391401554
STU_018326,71.14813105141661
STU_018327,84.66432965348304
STU_018328,72.05729774188785
STU_018329,67.88090220870117
STU_018330,47.49145213722818
STU_018331,85.52825738112051
STU_018332,90.61279455384908
STU_018333,62.331103373338465
STU_018334,85.6424043983925
STU_018335,59.722959349236135
STU_018336,78.0909212254137
STU_018337,71.81145453603312
STU_018338,73.25320599985366
STU_018339,81.78765204834826
STU_018340,90.95488090288973
STU_018341,64.52585642683721
STU_018342,65.58835334528521
STU_018343,60.6651539432205
STU_018344,79.03885346722018
STU_018345,72.35337057210609
STU_018346,73.27688089306025
STU_018347,65.83858954263314
STU_018348,89.92546454206774
STU_018349,83.36282139788614
STU_018350,81.18303622929625
STU_018351,81.40119332582594
STU_018352,87.60124492592081
STU_018353,81.84387526157434
STU_018354,97.04596047457801
STU_018355,76.50603233558627
STU_018356,69.10854638597152
STU_018357,70.15680765856564
STU_018358,77.0527154785691
STU_018359,95.11667319204776
STU_018360,92.006811428084
STU_018361,51.082057140946745
STU_018362,72.00373255249269
STU_018363,47.76154782787421
STU_018364,90.49720119241101
STU_018365,87.2568606881564
STU_018366,64.59279693552412
STU_018367,79.48926931118399
STU_018368,67.52219951083453
STU_018369,81.28033140686398
STU_018370,67.24734929631859
STU_018371,79.52829825657886
STU_018372,90.8170638804852
STU_018373,64.41913629898977
STU_018374,70.60660509885338
STU_018375,65.90290864354984
STU_018376,74.34350961935002
STU_018377,84.48515588016289
STU_018378,87.15465365267733
STU_018379,54.52742562052231
STU_018380,79.1200944561565
STU_018381,73.29903893535857
STU_018382,89.19011133535287
STU_018383,90.91297149612387
STU_018384,67.60667651386393
STU_018385,93.85803080884023
STU_018386,76.8050027913223
STU_018387,81.63626945764668
STU_018388,99.82932382526292
STU_018389,70.89495510484971
STU_018390,59.92708018534586
STU_018391,83.02036357109887
STU_018392,99.55182523212716
STU_018393,85.95348955801774
STU_018394,78.89982708295565
STU_018395,79.93109486306935
STU_018396,69.38571779832205
STU_018397,69.06086427951573
STU_018398,75.29409058772967
STU_018399,95.9147067114194
STU_018400,74.43167321745
STU_018401,82.13802407600815
STU_018402,76.60683160290455
STU_018403,81.02284343522297
STU_018404,79.28316604009478
STU_018405,88.4139958647138
STU_018406,73.3305743345336
STU_018407,92.726409215167
STU_018408,85.30145248436702
STU_018409,63.146217550041456
STU_018410,97.99920952703462
STU_018411,72.65057404515915
STU_018412,77.7741984958243
STU_018413,87.46151675807118
STU_018414,107.97146817504597
STU_018415,69.88817083818913
STU_018416,85.74176405279013
STU_018417,63.749336138680064
STU_018418,96.62164788796929
STU_018419,80.6102733922985
STU_018420,90.50699741249741
STU_018421,83.34670412167475
STU_018422,85.72869627458863
STU_018423,78.12129457423748
STU_018424,58.33154657240607
STU_018425,90.48050102483046
STU_018426,72.16332991030163
STU_018427,74.35122980635924
STU_018428,75.11290974089275
STU_018429,94.08968074678239
STU_018430,63.337768389000075
STU_018431,79.97338402223863
STU_018432,87.92778832647195
STU_018433,75.41029603244442
STU_018434,77.35724320497911
STU_018435,67.62324827045677
STU_018436,73.81368738214678
STU_018437,85.5554678798112
STU_018438,63.56708001671245
STU_018439,94.93473486267021
STU_018440,81.25049555340229
STU_018441,75.5987595373415
STU_018442,76.94974145076435
STU_018443,59.966914105201795
STU_018444,63.56422756953543
STU_018445,92.43351419605528
STU_018446,82.94732616208444
STU_018447,99.28296160170669
STU_018448,70.62326574330586
STU_018449,86.50582040054996
STU_018450,75.83620117625287
STU_018451,69.18695389887785
STU_018452,51.419007237508595
STU_018453,68.00625800898933
STU_018454,55.96174293996933
STU_018455,57.03759818580693
STU_018456,73.30918347396482
STU_018457,57.381497142836224
STU_018458,75.3124208516399
STU_018459,60.54176140992331
STU_018460,70.23343866868072
STU_018461,87.6176256412009
STU_018462,57.381291442630754
STU_018463,77.83372973134851
STU_018464,66.14061834214772
STU_018465,72.52008399068382
STU_018466,69.8369638483639
STU_018467,87.59037349054529
STU_018468,72.51884072557118
STU_018469,77.98282859458868
STU_018470,86.7295747345122
STU_018471,82.76755573031119
STU_018472,63.974716594119855
STU_018473,84.49933891155365
STU_018474,85.22790751899493
STU_018475,77.05506763664266
STU_018476,81.07099550101452
STU_018477,51.22661897090643
STU_018478,96.27248475751264
STU_018479,92.36942606036177
STU_018480,82.63784996963523
STU_018481,72.94888838348152
STU_018482,58.97425255337248
STU_018483,77.22602807298676
STU_018484,86.04040728463474
STU_018485,71.01989014056949
STU_018486,69.0175361652739
STU_018487,60.835786776935265
STU_018488,76.49789890544139
STU_018489,58.545459532399946
STU_018490,77.18734147678333
STU_018491,72.69962769456833
STU_018492,75.13019674808697
STU_018493,83.98728976606276
STU_018494,81.43111236048435
STU_018495,79.8784201725216
STU_018496,67.75337309151178
STU_018497,87.61926982887508
STU_018498,64.01927000450041
STU_018499,59.28406696143111
STU_018500,81.74473561262653
STU_018501,96.24245448389365
STU_018502,72.02105620585985
STU_018503,46.34823983860474
STU_018504,99.47145237661857
STU_018505,68.3909610142648
STU_018506,77.09483733268917
STU_018507,77.3362959399899
STU_018508,81.0818821093062
STU_018509,53.70097768579103
STU_018510,77.83729041805418
STU_018511,73.85710295102808
STU_018512,77.21132527009672
STU_018513,76.68584946862916
STU_018514,62.00938331578891
STU_018515,62.04612277058277
STU_018516,63.653760230578655
STU_018517,80.95001368351745
STU_018518,65.21908537236664
STU_018519,67.13499606932714
STU_018520,83.08398349316735
STU_018521,69.96897570432361
STU_018522,85.56604706263488
STU_018523,78.94674301247414
STU_018524,85.80577620129247
STU_018525,77.10516972939263
STU_018526,61.47585097717774
STU_018527,83.5521890309733
STU_018528,87.61260657987327
STU_018529,81.22538237646881
STU_018530,73.99276597292487
STU_018531,88.33720508407055
STU_018532,67.27305157514638
STU_018533,67.33133789983435
STU_018534,60.53738352998107
STU_018535,80.36198383456463
STU_018536,98.20470977492676
STU_018537,84.42591608231533
STU_018538,70.20373100044799
STU_018539,61.89350935309972
STU_018540,81.862943125519
STU_018541,61.02787078086453
STU_018542,89.85845023298577
STU_018543,73.91957064101689
STU_018544,68.09998144800466
STU_018545,71.97718854873733
STU_018546,89.95868689180452
STU_018547,71.57053760832378
STU_018548,84.02078919719884
STU_018549,85.22788369080786
STU_018550,77.33185632188452
STU_018551,73.64234044940258
STU_018552,61.156703104101325
STU_018553,69.45505149928294
STU_018554,67.14632837504041
STU_018555,63.367589795056574
STU_018556,85.82149167332182
STU_018557,59.7649800229608
STU_018558,69.58608956172998
STU_018559,69.7517492033544
STU_018560,78.31003350419383
STU_018561,78.53774363574303
STU_018562,78.9248830256056
STU_018563,83.42479310460499
STU_018564,86.98770119670712
STU_018565,67.20843280114673
STU_018566,59.73855432912501
STU_018567,92.4830220842274
STU_018568,80.07144827094248
STU_018569,76.64291899032992
STU_018570,73.75879660785176
STU_018571,68.26919888691327
STU_018572,65.4459986563038
STU_018573,84.79099332096325
STU_018574,69.06943215980004
STU_018575,70.91001416731001
STU_018576,72.99526274564232
STU_018577,71.76391000744638
STU_018578,80.62055717356543
STU_018579,57.58706485588846
STU_018580,92.55440365556149
STU_018581,76.26360408296591
STU_018582,77.8030484960259
STU_018583,97.37155994653165
STU_018584,86.43066979010041
STU_018585,73.68631366569184
STU_018586,84.99395612087733
STU_018587,86.17565668128418
STU_018588,55.945665174680926
STU_018589,81.00888357212693
STU_018590,75.05804521944492
STU_018591,81.99275350621906
STU_018592,48.84001196919576
STU_018593,74.75796494154815
STU_018594,67.20467782910964
STU_018595,69.97018133981737
STU_018596,58.725142022714635
STU_018597,70.3266326083392
STU_018598,69.3474305448733
STU_018599,58.73749864652427
STU_018600,78.04510508300564
STU_018601,61.254851948421674
STU_018602,70.9853065843165
STU_018603,73.59214753978267
STU_018604,82.71006140709619
STU_018605,49.540421003644724
STU_018606,69.40877845264731
STU_018607,84.87461721069872
STU_018608,87.63004999222653
STU_018609,82.91743337442449
STU_018610,110.48051009106007
STU_018611,64.82118399656224
STU_018612,83.32243535444354
STU_018613,77.93256923081503
STU_018614,79.12048354070953
STU_018615,52.85282395466834
STU_018616,79.53486712796052
STU_018617,72.83049661256882
STU_018618,72.26031264031826
STU_018619,75.63568714097141
STU_018620,88.29888049765759
STU_018621,69.27659475560222
STU_018622,81.90382393579944
STU_018623,73.17628014529942
STU_018624,76.5827172676236
STU_018625,81.5301458961469
STU_018626,63.35254571487735
STU_018627,71.00114632177247
STU_018628,68.86102316640881
STU_018629,67.48777535169438
STU_018630,68.0434790253737
STU_018631,90.21345497752918
STU_018632,77.89660170860907
STU_018633,75.38945119466734
STU_018634,65.66926839725102
STU_018635,77.99919938827452
STU_018636,71.9176912605983
STU_018637,66.76451130899068
STU_018638,102.20802435222583
STU_018639,83.50658612394523
STU_018640,69.52910693050649
STU_018641,62.85874333584911
STU_018642,85.66167400390009
STU_018643,66.99062887728496
STU_018644,56.0213651243198
STU_018645,92.65952263567704
STU_018646,69.30296142826091
STU_018647,92.1138298033444
STU_018648,62.41622435767431
STU_018649,60.771075318715475
STU_018650,78.93520564713208
STU_018651,59.66446297357106
STU_018652,86.09052211911944
STU_018653,84.91027935581587
STU_018654,78.31622696010004
STU_018655,66.91271056484811
STU_018656,75.08837730404753
STU_018657,82.16813568486691
STU_018658,79.84309843099481
STU_018659,84.6412249545117
STU_018660,72.96931604116025
STU_018661,56.655594501665746
STU_018662,60.76630400984709
STU_018663,87.90238042696342
STU_018664,53.179757149880515
STU_018665,67.56968845949996
STU_018666,65.1683428551255
STU_018667,64.53016408785425
STU_018668,51.76174545992626
STU_018669,75.18068960373239
STU_018670,63.31847734107737
STU_018671,52.64460421104695
STU_018672,80.65860329516204
STU_018673,63.68510337549378
STU_018674,58.981656504507555
STU_018675,73.4268579669033
STU_018676,70.16693030207853
STU_018677,70.40158887208804
STU_018678,85.04022151231175
STU_018679,83.01918014015973
STU_018680,60.79661118580816
STU_018681,74.22300961343285
STU_018682,84.6970283877913
STU_018683,71.25665945104856
STU_018684,87.44642448630589
STU_018685,73.17334560824497
STU_018686,80.19938977698371
STU_018687,77.86412770658171
STU_018688,71.57121873734559
STU_018689,82.85761911235295
STU_018690,71.13109802231179
STU_018691,74.80514119920804
STU_018692,75.34812120185234
STU_018693,72.11413637336159
STU_018694,88.75018552948404
STU_018695,78.80430341003648
STU_018696,70.93248709838463
STU_018697,77.3288013996173
STU_018698,88.64589140184182
STU_018699,65.3748971537666
STU_018700,111.03717329096605
STU_018701,71.33609579144286
STU_018702,81.49866799512324
STU_018703,71.14856330250723
STU_018704,89.99972477538813
STU_018705,70.86030535735426
STU_018706,90.67627287641096
STU_018707,69.68715741680808
STU_018708,74.88078167683261
STU_018709,91.37109710742538
STU_018710,82.10121986828494
STU_018711,59.134628273110366
STU_018712,88.80940475540501
STU_018713,75.68631215929622
STU_018714,81.68558234904867
STU_018715,94.62271621665877
STU_018716,67.37360822376309
STU_018717,76.3068683151721
STU_018718,64.4587547188944
STU_018719,76.0114429028722
STU_018720,65.57378005616215
STU_018721,85.33633151720733
STU_018722,50.610980403757594
STU_018723,64.08959574291475
STU_018724,75.09792002204654
STU_018725,75.47712154680266
STU_018726,66.90806361602654
STU_018727,85.16177148223687
STU_018728,69.69380618761443
STU_018729,86.3374834077074
STU_018730,82.12493837465627
STU_018731,69.20225427811442
STU_018732,75.66925507171732
STU_018733,87.57413248636271
STU_018734,76.10383922746064
STU_018735,76.67271651889268
STU_018736,57.64799531081803
STU_018737,61.1470033804535
STU_018738,71.08697856610229
STU_018739,78.68921386793659
STU_018740,72.34093495290631
STU_018741,36.805828261858096
STU_018742,87.0686587299549
STU_018743,65.03693840650453
STU_018744,97.92864209760603
STU_018745,78.78510222930822
STU_018746,67.32780485028047
STU_018747,91.37958661284972
STU_018748,61.07054813403465
STU_018749,60.98588934250051
STU_018750,83.54336730372688
STU_018751,84.31057645842134
STU_018752,68.09973588950106
STU_018753,62.70874210732063
STU_018754,87.24995610510268
STU_018755,92.43023235652072
STU_018756,74.12808076336319
STU_018757,92.14176638804679
STU_018758,90.0343181450171
STU_018759,85.39810158784758
STU_018760,70.12961389749876
STU_018761,64.73525578830095
STU_018762,77.56668411669193
STU_018763,69.40334264591024
STU_018764,85.81023824597924
STU_018765,79.86204260407976
STU_018766,70.90169559225342
STU_018767,76.7170473287108
STU_018768,79.20396487946368
STU_018769,56.46319034480689
STU_018770,86.60150760332817
STU_018771,66.92182602660637
STU_018772,88.26480342767695
STU_018773,80.35425091669731
STU_018774,66.67181032354256
STU_018775,80.633305890884
STU_018776,85.39921985580463
STU_018777,61.440387425692734
STU_018778,92.48751169186994
STU_018779,89.44073530681237
STU_018780,61.45657998618367
STU_018781,87.75064310558332
STU_018782,90.76271195053982
STU_018783,84.72795319217812
STU_018784,80.52586198092695
STU_018785,83.26957615936749
STU_018786,65.9725687886621
STU_018787,68.59620655771369
STU_018788,76.58061155395603
STU_018789,73.3523982773363
STU_018790,86.8589996427113
STU_018791,70.21265065964349
STU_018792,65.96735854973576
STU_018793,55.78076537527295
STU_018794,60.155468712797756
STU_018795,89.76772725371302
STU_018796,60.76471590827191
STU_018797,69.18385074635057
STU_018798,62.11503804483095
STU_018799,85.32737954200661
STU_018800,83.63063383265649
STU_018801,84.35129592906651
STU_018802,76.03499695360051
STU_018803,69.58193470517881
STU_018804,60.57156935702665
STU_018805,59.96679260710039
STU_018806,91.28110954498266
STU_018807,79.73535921875691
STU_018808,71.13201455624494
STU_018809,81.42208294046259
STU_018810,77.54646673621869
STU_018811,55.48416828381119
STU_018812,85.92779832900305
STU_018813,75.56655672777856
STU_018814,47.043196786771205
STU_018815,89.91386882629365
STU_018816,69.6146916244154
STU_018817,69.64748481034917
STU_018818,82.6829503316867
STU_018819,70.55316232961172
STU_018820,84.80984317259754
STU_018821,82.95525959364932
STU_018822,79.435746184643
STU_018823,94.58527430675144
STU_018824,69.55234869943638
STU_018825,71.00031561839137
STU_018826,72.11216462305401
STU_018827,72.29785397114324
STU_018828,73.60056110224377
STU_018829,64.98446597945758
STU_018830,89.94082204603296
STU_018831,81.69469928088574
STU_018832,87.06661525137474
STU_018833,58.76853013318146
STU_018834,49.70133788835119
STU_018835,63.23208817761201
STU_018836,75.30423770406537
STU_018837,74.66183991803064
STU_018838,66.67538186722732
STU_018839,86.68138764123933
STU_018840,79.31752506390376
STU_018841,83.47057414797996
STU_018842,79.21614416714556
STU_018843,74.77824930851557
STU_018844,75.6031856922948
STU_018845,79.83172623418955
STU_018846,100.83093209646233
STU_018847,101.0328266368216
STU_018848,77.1458038506114
STU_018849,60.29731425633872
STU_018850,74.28529357932211
STU_018851,69.26682681154489
STU_018852,53.283363737745276
STU_018853,62.74647970987712
STU_018854,57.94362850058678
STU_018855,77.21685352844588
STU_018856,68.02778690460627
STU_018857,81.12867257018183
STU_018858,88.46253678252845
STU_018859,92.46514153628277
STU_018860,73.42106155891315
STU_018861,67.377901408978
STU_018862,88.40187500712705
STU_018863,73.76410731319652
STU_018864,65.75940126321348
STU_018865,79.13347986453823
STU_018866,71.6514814288198
STU_018867,59.56994612005951
STU_018868,72.63057857008403
STU_018869,71.21898785441681
STU_018870,89.46013490000178
STU_018871,98.40082485323433
STU_018872,76.64600666521596
STU_018873,72.5849016687032
STU_018874,84.82570402776355
STU_018875,93.42993228778619
STU_018876,63.01147317878463
STU_018877,62.088085062348
STU_018878,87.50065203932559
STU_018879,86.67946195556897
STU_018880,76.29077405298904
STU_018881,58.81248715240372
STU_018882,74.45431461101066
STU_018883,77.87720225121348
STU_018884,86.81406303576546
STU_018885,62.20379660579101
STU_018886,81.14744131843713
STU_018887,68.1278197019326
STU_018888,89.85239198442343
STU_018889,69.92530789523403
STU_018890,44.23755344127176
STU_018891,79.49654438093967
STU_018892,82.2373693370887
STU_018893,80.71722107308574
STU_018894,100.54000204486056
STU_018895,76.329018987866
STU_018896,83.19052676712931
STU_018897,76.76131964912315
STU_018898,66.52888802603206
STU_018899,60.21311336195458
STU_018900,80.92872505653645
STU_018901,83.46885631527016
STU_018902,93.74135472378168
STU_018903,89.6732114451413
STU_018904,80.3762960140848
STU_018905,68.47042578165747
STU_018906,79.85669513758785
STU_018907,78.57680184971218
STU_018908,74.72426943392384
STU_018909,73.5784988780706
STU_018910,70.88704097316554
STU_018911,57.206071435931335
STU_018912,84.3710375847445
STU_018913,70.53273676565846
STU_018914,70.32556081715506
STU_018915,79.99661697468377
STU_018916,64.30383089864904
STU_018917,76.03958874501632
STU_018918,91.22654128649549
STU_018919,81.87106701806579
STU_018920,60.734995745356855
STU_018921,74.23785934922034
STU_018922,67.06558302022927
STU_018923,100.36737374322388
STU_018924,66.34479704671412
STU_018925,76.7087265133473
STU_018926,86.21869504218307
STU_018927,78.75458868384317
STU_018928,71.83573748838853
STU_018929,68.1484089514538
STU_018930,59.692583586188675
STU_018931,56.046315041932075
STU_018932,52.388703932103226
STU_018933,74.37435065089176
STU_018934,80.361944472598
STU_018935,67.02925627754485
STU_018936,74.72062273027291
STU_018937,83.55774116172302
STU_018938,82.17175286120755
STU_018939,67.97533895386186
STU_018940,78.85449722623798
STU_018941,94.52975009752606
STU_018942,54.698464796566896
STU_018943,81.87424733189732
STU_018944,77.24614143448684
STU_018945,73.05464824181195
STU_018946,77.08974373941601
STU_018947,69.31307385480613
STU_018948,71.51277671304683
STU_018949,70.35432146387575
STU_018950,83.80941305372721
STU_018951,59.94241543742055
STU_018952,66.13871449942144
STU_018953,64.94573786116416
STU_018954,74.5821027153138
STU_018955,81.88088655697948
STU_018956,58.12241158073175
STU_018957,71.43479585556724
STU_018958,81.86438777444482
STU_018959,82.16892407781438
STU_018960,74.28306883120331
STU_018961,74.05854597494567
STU_018962,78.45941565354474
STU_018963,88.11399743723587
STU_018964,72.78281201465029
STU_018965,87.56433501421975
STU_018966,89.79027275701469
STU_018967,95.39521911746601
STU_018968,77.06768866732614
STU_018969,78.5939318316573
STU_018970,98.06874416144956
STU_018971,54.23376237047819
STU_018972,71.19718485939347
STU_018973,76.41715546206433
STU_018974,61.49709939370314
STU_018975,78.79331137920963
STU_018976,69.69377587832287
STU_018977,86.21105737214634
STU_018978,86.13157026322301
STU_018979,66.32112125809795
STU_018980,73.67132305380551
STU_018981,63.954858359454875
STU_018982,72.26481672712634
STU_018983,73.79712815274638
STU_018984,75.01353265928788
STU_018985,78.76832373727052
STU_018986,82.90412387508559
STU_018987,79.58575125372727
STU_018988,74.92995718067982
STU_018989,78.40497021037072
STU_018990,81.52186635856106
STU_018991,66.88240357286281
STU_018992,71.80754828964223
STU_018993,81.22924498197676
STU_018994,73.80402977558651
STU_018995,98.89024429641631
STU_018996,66.64745993747124
STU_018997,71.39638699951365
STU_018998,75.6133446171068
STU_018999,85.8312615488694
STU_019000,74.5382312398956
STU_019001,63.11742054403089
STU_019002,64.88759818697076
STU_019003,81.46140223323641
STU_019004,87.82657616384336
STU_019005,90.67119874025207
STU_019006,83.60470624400546
STU_019007,108.48943407742149
STU_019008,75.5471672623703
STU_019009,102.56264989555973
STU_019010,53.36787081505918
STU_019011,83.60429307467393
STU_019012,81.04073722641238
STU_019013,65.31816459388278
STU_019014,105.14805876253388
STU_019015,62.27163769403478
STU_019016,61.075170405529434
STU_019017,93.53936577820616
STU_019018,76.14322774487187
STU_019019,71.13113398676273
STU_019020,99.62813851998544
STU_019021,42.14709147695612
STU_019022,78.16647423876589
STU_019023,84.17672691419898
STU_019024,76.15426332829747
STU_019025,88.21895948755605
STU_019026,92.2648045396129
STU_019027,76.2544986047626
STU_019028,64.94611869305663
STU_019029,60.22752899837769
STU_019030,74.4808452091288
STU_019031,79.93531905242276
STU_019032,82.90450997030325
STU_019033,81.8989089040333
STU_019034,64.85959694163671
STU_019035,83.22046557777298
STU_019036,93.26504380460244
STU_019037,83.34857004582227
STU_019038,71.47346418809002
STU_019039,74.60164990512476
STU_019040,71.92763502952835
STU_019041,78.65484915866409
STU_019042,79.72725449884274
STU_019043,87.75879338207642
STU_019044,85.15746706296568
STU_019045,71.73518648001391
STU_019046,63.973086070348245
STU_019047,48.412774004697894
STU_019048,76.33230450641008
STU_019049,50.68234978775422
STU_019050,83.24320821275046
STU_019051,70.0347873222081
STU_019052,65.06105263772156
STU_019053,80.95852520416338
STU_019054,72.95279253381545
STU_019055,59.738316073814076
STU_019056,89.35887925679447
STU_019057,80.46040148851785
STU_019058,78.68613311151535
STU_019059,57.00743864126639
STU_019060,67.35940110515412
STU_019061,53.56779300701919
STU_019062,85.96706614399113
STU_019063,75.03907999011426
STU_019064,68.0942028864672
STU_019065,84.37437603947978
STU_019066,56.10630675410607
STU_019067,82.85373344786831
STU_019068,69.06508581508251
STU_019069,60.49022159284618
STU_019070,76.6460421853642
STU_019071,58.826250620048086
STU_019072,95.86098154795366
STU_019073,63.66345341447891
STU_019074,67.83660471650637
STU_019075,67.3787711500513
STU_019076,61.384640435060646
STU_019077,89.58995540258991
STU_019078,87.4447796900995
STU_019079,87.76927724155462
STU_019080,62.07084599602172
STU_019081,78.01228682888359
STU_019082,83.13002855588502
STU_019083,58.80063249913928
STU_019084,58.48539096472632
STU_019085,65.32053765899241
STU_019086,47.04093109802329
STU_019087,75.2603560718942
STU_019088,72.66520450521534
STU_019089,75.73601354556286
STU_019090,89.41170631335262
STU_019091,78.5831657017834
STU_019092,72.05801864622572
STU_019093,73.8575932080837
STU_019094,86.07156791240095
STU_019095,75.6915883851882
STU_019096,83.25107152502005
STU_019097,87.92595584750893
STU_019098,60.87397275854278
STU_019099,74.39876773595233
STU_019100,75.71219164079685
STU_019101,65.88339792780653
STU_019102,79.18283223664048
STU_019103,90.38979834902693
STU_019104,69.09854167117533
STU_019105,61.384508854488786
STU_019106,61.82354238966923
STU_019107,84.82240705700747
STU_019108,75.08825988000763
STU_019109,93.5261037977989
STU_019110,93.69941612012224
STU_019111,81.13614848737507
STU_019112,94.66474238022374
STU_019113,84.03349334281711
STU_019114,92.40147408611529
STU_019115,80.54785010872843
STU_019116,74.76158310383857
STU_019117,65.95209787606655
STU_019118,74.38038727136927
STU_019119,68.25837197763781
STU_019120,63.43472881613502
STU_019121,95.48208020036964
STU_019122,81.8276587005164
STU_019123,59.008923550840564
STU_019124,85.1611263097393
STU_019125,71.67840397254963
STU_019126,72.22633918558836
STU_019127,75.16791431952174
STU_019128,79.28415548764633
STU_019129,65.56594729688436
STU_019130,58.59478878498135
STU_019131,77.448512155544
STU_019132,98.08372381333675
STU_019133,61.69430584520592
STU_019134,72.85642344227745
STU_019135,104.16827398659814
STU_019136,82.9878916610287
STU_019137,68.01225387482168
STU_019138,82.92366564834242
STU_019139,80.1537798052359
STU_019140,82.08267137345979
STU_019141,95.3614430998283
STU_019142,81.89583227719754
STU_019143,80.64095219089381
STU_019144,77.34853112219162
STU_019145,63.8045248943165
STU_019146,87.69316313226182
STU_019147,77.85218621670538
STU_019148,92.63502480991008
STU_019149,82.55449684704149
STU_019150,81.12688603928109
STU_019151,89.83072771269929
STU_019152,52.32892132651864
STU_019153,71.62179685259457
STU_019154,91.22125358380765
STU_019155,110.51977305999003
STU_019156,84.27730173743817
STU_019157,85.62841570166461
STU_019158,62.69682420981826
STU_019159,69.70206267532035
STU_019160,59.30952076171798
STU_019161,67.0294871981198
STU_019162,59.20947687484431
STU_019163,75.51673803668882
STU_019164,76.63663935986688
STU_019165,73.29738268580672
STU_019166,96.76152210615089
STU_019167,81.91468269462393
STU_019168,82.23245214549638
STU_019169,63.70768936129048
STU_019170,89.18491116193411
STU_019171,76.62269054052308
STU_019172,81.80274011818551
STU_019173,77.27703451880484
STU_019174,53.95981250250543
STU_019175,80.41594621050103
STU_019176,75.68350776027023
STU_019177,84.82588818530462
STU_019178,32.52270802950602
STU_019179,77.74422710283102
STU_019180,72.17673597454154
STU_019181,96.16860383670235
STU_019182,60.11594413738135
STU_019183,93.59469345117623
STU_019184,90.17575205875198
STU_019185,88.84603183788226
STU_019186,93.4570676230893
STU_019187,77.14360224485517
STU_019188,93.15733410174232
STU_019189,85.91323612086194
STU_019190,73.91614279562305
STU_019191,59.7898163970774
STU_019192,91.7959092217767
STU_019193,65.62086540389669
STU_019194,70.46981613633147
STU_019195,80.35985524902208
STU_019196,81.61778977361973
STU_019197,94.01217838176387
STU_019198,80.26511252607452
STU_019199,100.38071545649552
STU_019200,68.87624910399359
STU_019201,84.43499511082905
STU_019202,77.55511863372317
STU_019203,58.201364059135585
STU_019204,65.56529873345357
STU_019205,81.87855221296718
STU_019206,39.98464725114536
STU_019207,70.38664171156188
STU_019208,72.72543183817152
STU_019209,76.34960821133541
STU_019210,55.70973144706659
STU_019211,68.65130936597393
STU_019212,74.72625566596548
STU_019213,75.45886904273539
STU_019214,72.78169574230151
STU_019215,102.70737107202251
STU_019216,75.75824084487431
STU_019217,76.95815855033811
STU_019218,45.21862937632113
STU_019219,80.63273118523853
STU_019220,79.65084245109824
STU_019221,68.75478302339116
STU_019222,84.55427358956626
STU_019223,74.63108820073876
STU_019224,93.67034109524059
STU_019225,61.489206330880734
STU_019226,60.53588366755707
STU_019227,66.0221927735331
STU_019228,66.16937801082076
STU_019229,76.7810794591528
STU_019230,68.70716016652045
STU_019231,83.79352935880934
STU_019232,87.22485505772647
STU_019233,62.36831050492674
STU_019234,69.97557324580043
STU_019235,81.98894285703159
STU_019236,78.37954448269466
STU_019237,76.20840977698299
STU_019238,74.93507485321561
STU_019239,80.08977915061018
STU_019240,80.4252369844869
STU_019241,89.18609130704044
STU_019242,70.93641106823156
STU_019243,84.38287812172712
STU_019244,77.07978980218195
STU_019245,48.15129288486719
STU_019246,59.05560494845599
STU_019247,89.31747195270032
STU_019248,80.1724491976729
STU_019249,81.79547121925907
STU_019250,62.88708445761381
STU_019251,92.37781193682622
STU_019252,75.45528146662309
STU_019253,61.551432548727234
STU_019254,55.04865456739344
STU_019255,66.80191517837034
STU_019256,86.01321705421105
STU_019257,65.0500170045018
STU_019258,58.04904253815312
STU_019259,73.90681395034653
STU_019260,78.75291040016714
STU_019261,66.31587190935602
STU_019262,83.57826721708534
STU_019263,70.23297789865364
STU_019264,75.59495297204649
STU_019265,94.18457674076728
STU_019266,85.18607044060559
STU_019267,55.61421087698659
STU_019268,73.77693104763762
STU_019269,79.2683715087644
STU_019270,87.54119808976361
STU_019271,55.40517774063096
STU_019272,65.44574010779274
STU_019273,93.72822522530305
STU_019274,91.94500754233013
STU_019275,103.74448372791358
STU_019276,63.383217587617764
STU_019277,95.10166923777876
STU_019278,82.01990152048211
STU_019279,75.61340861690064
STU_019280,64.75062633123184
STU_019281,77.09425449204582
STU_019282,64.55362755866963
STU_019283,97.59497040633244
STU_019284,81.89776509650187
STU_019285,78.09626856085379
STU_019286,82.98236873052315
STU_019287,72.35207852167991
STU_019288,63.367840637641166
STU_019289,83.66197534476578
STU_019290,79.23900222816656
STU_019291,72.57636724907752
STU_019292,82.98117799360466
STU_019293,69.6893435290408
STU_019294,74.3666907167194
STU_019295,68.26059195944822
STU_019296,68.86920121133562
STU_019297,81.25676733898422
STU_019298,89.16423631426085
STU_019299,89.72840140552012
STU_019300,75.54990286642169
STU_019301,74.05657215917245
STU_019302,78.58000857030311
STU_019303,69.73207123642283
STU_019304,88.34110625463381
STU_019305,72.48341072771336
STU_019306,57.71729694831674
STU_019307,63.38137887707512
STU_019308,62.35502921748366
STU_019309,69.58485210637264
STU_019310,88.75483661834801
STU_019311,94.47903884256937
STU_019312,79.26949910320559
STU_019313,83.1931715232281
STU_019314,87.11912093021238
STU_019315,75.0281033678391
STU_019316,88.04151778264736
STU_019317,77.73085795482484
STU_019318,86.52529741607395
STU_019319,84.49125890307823
STU_019320,91.86798197022256
STU_019321,73.7576554578568
STU_019322,82.5552364639741
STU_019323,73.46755747869474
STU_019324,93.51657028081138
STU_019325,72.41190722115061
STU_019326,87.82887245045663
STU_019327,94.75361234297793
STU_019328,89.84096874336694
STU_019329,87.09682666875369
STU_019330,74.01496456745144
STU_019331,72.3494682641317
STU_019332,69.92335699452588
STU_019333,75.99168085423184
STU_019334,62.22758165770665
STU_019335,66.80597248443405
STU_019336,68.80695609211216
STU_019337,87.63854533112362
STU_019338,59.99553252072292
STU_019339,82.79993263855113
STU_019340,94.73547657957181
STU_019341,78.48703229385046
STU_019342,58.988438037273
STU_019343,69.83656203601663
STU_019344,68.88323977921277
STU_019345,63.920587898235226
STU_019346,73.71762741934185
STU_019347,61.79045934772057
STU_019348,82.92683422407117
STU_019349,80.36958735484836
STU_019350,59.61484971717232
STU_019351,84.03591480793807
STU_019352,79.82110650274035
STU_019353,85.41781307503084
STU_019354,69.99226448232139
STU_019355,74.14069918589485
STU_019356,61.4890473104806
STU_019357,58.91372596555129
STU_019358,79.23489533996622
STU_019359,84.94702052988578
STU_019360,58.121517823419936
STU_019361,83.83909454575246
STU_019362,57.17122445278824
STU_019363,75.14271650508726
STU_019364,76.69060123631584
STU_019365,85.76675677447747
STU_019366,91.449211980006
STU_019367,99.84029384308474
STU_019368,76.72993003313809
STU_019369,78.46680578528549
STU_019370,70.39705784375997
STU_019371,76.9131488804835
STU_019372,73.69587089507354
STU_019373,69.30863958346617
STU_019374,72.34231661037734
STU_019375,79.81971791527735
STU_019376,83.90276897611875
STU_019377,80.35411173552689
STU_019378,68.35181636331572
STU_019379,57.907219408418996
STU_019380,90.35713722971434
STU_019381,62.693686665327505
STU_019382,66.31371686724833
STU_019383,86.0626963259449
STU_019384,58.55398387097034
STU_019385,85.53627480614091
STU_019386,73.28894832226797
STU_019387,54.04058591071362
STU_019388,71.21386469237768
STU_019389,90.08382391825558
STU_019390,57.46461951303718
STU_019391,81.79761962700718
STU_019392,77.88734303034198
STU_019393,76.45917087029625
STU_019394,74.62222152753725
STU_019395,76.66082176164309
STU_019396,93.22889064567619
STU_019397,75.39016222297346
STU_019398,63.3960746927778
STU_019399,60.93825151547412
STU_019400,98.73427661523101
STU_019401,72.46653628372314
STU_019402,63.34323920201132
STU_019403,83.47774885026524
STU_019404,89.19378295922206
STU_019405,80.73715547878692
STU_019406,69.78567987995598
STU_019407,67.23190379472476
STU_019408,82.0387885222874
STU_019409,74.35276335475191
STU_019410,74.61024815113092
STU_019411,76.506632198018
STU_019412,61.588473716152066
STU_019413,66.76790948273106
STU_019414,68.23296005368661
STU_019415,85.3984047741485
STU_019416,80.9284320058639
STU_019417,78.47908150762191
STU_019418,94.50908547817949
STU_019419,74.80936826712104
STU_019420,75.71348408530275
STU_019421,77.60593311338107
STU_019422,78.09738489249617
STU_019423,72.1571303171163
STU_019424,85.01881132034077
STU_019425,60.510849984265406
STU_019426,79.97370108589303
STU_019427,86.8926137399601
STU_019428,99.18745655287796
STU_019429,72.48866463408012
STU_019430,76.75469163306707
STU_019431,52.786716090007985
STU_019432,75.79594748053933
STU_019433,65.17850762586727
STU_019434,58.461158393092774
STU_019435,95.55069842890146
STU_019436,63.432766638532485
STU_019437,87.15884211105049
STU_019438,83.56361408205476
STU_019439,59.709553111080595
STU_019440,67.7856685668205
STU_019441,74.89847423292076
STU_019442,68.60910402432546
STU_019443,65.8336024305031
STU_019444,92.23738194661951
STU_019445,89.11450070264925
STU_019446,47.33154403203366
STU_019447,71.15524390218957
STU_019448,72.08048259912425
STU_019449,64.51852248044906
STU_019450,68.12736998511673
STU_019451,71.42925482232067
STU_019452,84.48445286711308
STU_019453,84.67062749815136
STU_019454,76.01277730667834
STU_019455,71.33377950191084
STU_019456,73.70619522366883
STU_019457,69.96075062987734
STU_019458,61.00944056940807
STU_019459,58.465866109535455
STU_019460,89.65893792279905
STU_019461,86.56811705996893
STU_019462,92.82890172595683
STU_019463,71.87253624696655
STU_019464,73.66275144904557
STU_019465,70.37252011666715
STU_019466,74.0256829770517
STU_019467,71.5946496196002
STU_019468,83.7967431470347
STU_019469,75.64900708782693
STU_019470,83.43102823949152
STU_019471,95.50792885023782
STU_019472,84.52913719485787
STU_019473,88.43087601348236
STU_019474,57.079502176872666
STU_019475,64.50275119588468
STU_019476,94.0274651696559
STU_019477,72.36163345069917
STU_019478,68.42825428058995
STU_019479,74.01034879519011
STU_019480,86.88874193844026
STU_019481,78.2705872734955
STU_019482,76.50580731667742
STU_019483,73.02693311238181
STU_019484,84.41761663830266
STU_019485,63.791769759438466
STU_019486,36.69337706341685
STU_019487,69.17019554667013
STU_019488,91.64818290707285
STU_019489,71.21820424746898
STU_019490,74.36602835557892
STU_019491,57.9098416000345
STU_019492,77.04896666205718
STU_019493,59.56376849639628
STU_019494,61.42525518486991
STU_019495,85.6517354864693
STU_019496,80.17368582920358
STU_019497,63.443993168581756
STU_019498,91.38911442781159
STU_019499,94.87739565338143
STU_019500,87.39956478607701
STU_019501,87.27767215141853
STU_019502,64.26863158980677
STU_019503,70.6910120142486
STU_019504,85.35406820609364
STU_019505,62.77877662328319
STU_019506,79.45853300234467
STU_019507,90.92206152462529
STU_019508,91.91932282374671
STU_019509,94.31268271097133
STU_019510,88.68722605397761
STU_019511,58.84859400590699
STU_019512,75.16079376443349
STU_019513,59.73536894122708
STU_019514,60.1044423160165
STU_019515,67.14866000255324
STU_019516,88.69779403069913
STU_019517,67.49088592771204
STU_019518,66.50484008236799
STU_019519,64.2878798231443
STU_019520,86.39871413272476
STU_019521,65.77564302027349
STU_019522,72.54380324726799
STU_019523,87.69189367192917
STU_019524,82.67044525881556
STU_019525,82.8921173846577
STU_019526,70.77970931949017
STU_019527,78.75859811795499
STU_019528,71.41420211370178
STU_019529,94.88996411344976
STU_019530,89.19181521977646
STU_019531,86.35016900774508
STU_019532,52.75289702730743
STU_019533,69.74825854193614
STU_019534,79.527909044117
STU_019535,74.11613591465016
STU_019536,68.54465841239198
STU_019537,58.54764961728779
STU_019538,72.6985216735859
STU_019539,71.07786579573371
STU_019540,63.45371520565277
STU_019541,80.7120259868459
STU_019542,100.04962762479227
STU_019543,108.9423876081064
STU_019544,80.61359655695446
STU_019545,87.11928253848214
STU_019546,57.72553265950751
STU_019547,70.90072384044174
STU_019548,81.77896820030014
STU_019549,78.91481473477279
STU_019550,93.88534864551889
STU_019551,75.17151491976983
STU_019552,68.34759070931
STU_019553,71.16680730192911
STU_019554,67.13052359741619
STU_019555,101.29229420508705
STU_019556,67.64860337153641
STU_019557,91.10548594402246
STU_019558,59.68304631646561
STU_019559,87.50631411774748
STU_019560,80.12121360709602
STU_019561,49.03264861589014
STU_019562,84.18809124463587
STU_019563,76.09185945268314
STU_019564,72.20712570978571
STU_019565,62.6610836101263
STU_019566,81.22965334792639
STU_019567,80.16023922941667
STU_019568,74.62660623932902
STU_019569,65.73495646852916
STU_019570,72.46229745527671
STU_019571,43.03794654670219
STU_019572,65.05875594482131
STU_019573,73.0449359584727
STU_019574,72.78775608086175
STU_019575,83.47959855015074
STU_019576,90.079485886474
STU_019577,69.16829617706867
STU_019578,66.58828323642251
STU_019579,72.35025458473365
STU_019580,68.00472986257614
STU_019581,94.27863058276239
STU_019582,76.04390424189796
STU_019583,73.4961723064423
STU_019584,74.33507363942317
STU_019585,86.72022164189457
STU_019586,73.10583141727193
STU_019587,82.92630905394276
STU_019588,82.04433133859538
STU_019589,64.48610207155343
STU_019590,97.0056786363889
STU_019591,84.61812610984748
STU_019592,74.56608397882815
STU_019593,71.46260423657031
STU_019594,88.26349289969608
STU_019595,75.06978970302748
STU_019596,84.97728759811139
STU_019597,74.93980893788785
STU_019598,75.43457943319709
STU_019599,73.4822482564914
STU_019600,89.38554980130391
STU_019601,83.21529154464247
STU_019602,81.35678638985155
STU_019603,90.73217949037473
STU_019604,85.7934185369727
STU_019605,72.18353622542872
STU_019606,78.81564258071717
STU_019607,54.947001729513886
STU_019608,67.26885646201504
STU_019609,83.50974724714297
STU_019610,66.52210233932942
STU_019611,73.93689248981468
STU_019612,59.06762722670328
STU_019613,59.97653267448527
STU_019614,65.98542294372783
STU_019615,92.35530303986116
STU_019616,67.69858831054944
STU_019617,80.4938541287529
STU_019618,71.88888989433553
STU_019619,89.66537434074587
STU_019620,76.44536453989394
STU_019621,75.65013492215166
STU_019622,82.39384037686432
STU_019623,69.32323626777134
STU_019624,90.46750085595897
STU_019625,34.84193893386737
STU_019626,82.4788943317576
STU_019627,88.90961523374199
STU_019628,75.64019373592714
STU_019629,78.4940354360067
STU_019630,90.34082444245564
STU_019631,60.27477902717851
STU_019632,88.79863775872275
STU_019633,87.22434428494967
STU_019634,79.49092220481884
STU_019635,73.28719229227227
STU_019636,71.32622889010145
STU_019637,77.89566057856246
STU_019638,73.44639955329421
STU_019639,63.18045447293889
STU_019640,80.90677120732744
STU_019641,85.583461908544
STU_019642,83.52523142408222
STU_019643,90.69622006774136
STU_019644,77.98577776522052
STU_019645,75.77669913676186
STU_019646,73.0451134624409
STU_019647,75.84492116643969
STU_019648,59.719960454154716
STU_019649,58.41879489224766
STU_019650,72.38539041377271
STU_019651,71.21328662239921
STU_019652,73.48348540343704
STU_019653,75.41274021679737
STU_019654,62.1019895158845
STU_019655,62.043221641866694
STU_019656,45.582725344751
STU_019657,61.14496046094541
STU_019658,68.75880622260343
STU_019659,79.73426430315317
STU_019660,71.72303060493937
STU_019661,76.73475354850939
STU_019662,73.23029465371201
STU_019663,73.9003950534402
STU_019664,71.71352806023765
STU_019665,84.11462258682582
STU_019666,93.08317021553341
STU_019667,78.53095813436494
STU_019668,55.82289198426383
STU_019669,66.55069455410467
STU_019670,86.4630372957597
STU_019671,60.725191274328836
STU_019672,92.56685880592704
STU_019673,77.14320173387478
STU_019674,75.78410638234664
STU_019675,79.57659141500949
STU_019676,74.91791074494586
STU_019677,83.87778832272193
STU_019678,100.55032162713042
STU_019679,83.20778746306519
STU_019680,83.31345174112175
STU_019681,92.31118843884394
STU_019682,93.92240628727086
STU_019683,73.32033970838665
STU_019684,72.00173227959408
STU_019685,85.48314337728084
STU_019686,84.88106490815858
STU_019687,58.57877937460103
STU_019688,78.22038185857218
STU_019689,70.9202497568665
STU_019690,80.26806124047448
STU_019691,66.54663166971159
STU_019692,59.6612380488566
STU_019693,97.01729838560107
STU_019694,80.16649350653006
STU_019695,53.30536130690098
STU_019696,64.35077167718009
STU_019697,93.17901954784145
STU_019698,91.45327774013901
STU_019699,82.56831389959098
STU_019700,77.60395105399834
STU_019701,69.94477671503819
STU_019702,76.67033325065927
STU_019703,77.40875123365868
STU_019704,79.5166396752204
STU_019705,61.561618824266816
STU_019706,84.7360010430923
STU_019707,67.8365198939332
STU_019708,73.49553517653476
STU_019709,71.9431135169059
STU_019710,66.8995790378151
STU_019711,97.16879950687701
STU_019712,55.63824483851204
STU_019713,88.54158381394677
STU_019714,63.62678446397649
STU_019715,84.74613329115368
STU_019716,79.39887398218661
STU_019717,84.47731091950868
STU_019718,71.77065986512707
STU_019719,92.78927897640949
STU_019720,88.97896338959913
STU_019721,64.54167640505284
STU_019722,71.97418283702814
STU_019723,76.47145554304916
STU_019724,70.34809324589082
STU_019725,96.05466249837627
STU_019726,66.8264820485158
STU_019727,89.24575690053632
STU_019728,74.94466605356797
STU_019729,69.06957708694836
STU_019730,69.44259726448263
STU_019731,62.69070266228073
STU_019732,87.96687104197326
STU_019733,77.95425488011756
STU_019734,77.0296032799256
STU_019735,87.92640951424141
STU_019736,89.20594089608642
STU_019737,93.38065264539102
STU_019738,85.40869551890432
STU_019739,76.21764438783816
STU_019740,77.7241122756534
STU_019741,95.07500053956267
STU_019742,74.77389276510303
STU_019743,85.91361931915935
STU_019744,74.74297672647458
STU_019745,81.49607622814028
STU_019746,82.59620857697064
STU_019747,75.80956250327858
STU_019748,69.85797164490646
STU_019749,60.97541725701308
STU_019750,73.16080449408219
STU_019751,76.58099457774233
STU_019752,65.05267563630196
STU_019753,92.8342976069689
STU_019754,71.17143670837731
STU_019755,85.90547367414956
STU_019756,56.38975340696106
STU_019757,77.97603980089775
STU_019758,64.20389517584499
STU_019759,77.08274650871999
STU_019760,78.7458929942211
STU_019761,70.25318064776502
STU_019762,82.94371391816094
STU_019763,71.62385433216468
STU_019764,63.23164818187388
STU_019765,81.42440138912343
STU_019766,65.23600342921713
STU_019767,55.28817188970311
STU_019768,77.90682620691177
STU_019769,59.53884834737232
STU_019770,77.2826687551883
STU_019771,82.44063020508429
STU_019772,69.9629008007746
STU_019773,86.24116716893354
STU_019774,56.058298655960925
STU_019775,84.72220601955337
STU_019776,52.68113878152394
STU_019777,70.76921894817656
STU_019778,70.24318603113488
STU_019779,67.03462258079048
STU_019780,77.42490983222888
STU_019781,54.94174736833929
STU_019782,73.83280570672741
STU_019783,70.71723999883943
STU_019784,76.32372750424565
STU_019785,82.24487528158465
STU_019786,48.72008488040433
STU_019787,76.24164715264942
STU_019788,75.15261054570033
STU_019789,78.46369296140324
STU_019790,65.72547178343234
STU_019791,50.162884177195565
STU_019792,82.35476548154429
STU_019793,69.81628458508317
STU_019794,81.56283786840254
STU_019795,75.90950698744382
STU_019796,81.47394649124226
STU_019797,51.99050344859006
STU_019798,81.28818719254969
STU_019799,83.10296276626264
STU_019800,50.995644078121586
STU_019801,78.42653903148653
STU_019802,97.05751665588446
STU_019803,71.58222504450418
STU_019804,79.39316546387613
STU_019805,79.22433061934976
STU_019806,62.435650855085214
STU_019807,57.09350050366015
STU_019808,68.12144802229864
STU_019809,101.67352504291955
STU_019810,66.57680728665423
STU_019811,71.77601727096317
STU_019812,85.62564447115255
STU_019813,79.22028881834717
STU_019814,79.21587817379236
STU_019815,77.8781714897882
STU_019816,72.17355743598364
STU_019817,92.42799942901718
STU_019818,60.92147771073792
STU_019819,93.44736361744549
STU_019820,58.64552814965623
STU_019821,78.45210244539794
STU_019822,65.81402889765423
STU_019823,81.18660655701797
STU_019824,94.04030558309091
STU_019825,78.16993394249016
STU_019826,83.99934986237167
STU_019827,78.41596033224232
STU_019828,82.80285987659795
STU_019829,75.2647317605522
STU_019830,89.78521216278557
STU_019831,84.64798823735691
STU_019832,86.8640570744617
STU_019833,75.61603397849058
STU_019834,65.6692859788227
STU_019835,80.22711573629431
STU_019836,84.4512068577144
STU_019837,80.52533874213714
STU_019838,77.83370530724346
STU_019839,82.08607214344488
STU_019840,62.24370265543621
STU_019841,58.989998882681675
STU_019842,63.14501740253195
STU_019843,70.88560657758762
STU_019844,69.20096799721455
STU_019845,76.33217078512484
STU_019846,92.19072491541397
STU_019847,97.00356167977077
STU_019848,69.608625488278
STU_019849,92.83202057233314
STU_019850,75.01201202663901
STU_019851,102.67948863870356
STU_019852,64.2219460637582
STU_019853,75.61200929735742
STU_019854,75.90832803005173
STU_019855,75.31299509723863
STU_019856,69.54659546885523
STU_019857,85.55736420108542
STU_019858,104.10115042709992
STU_019859,94.45344721097626
STU_019860,85.45958135583714
STU_019861,62.85133173553368
STU_019862,69.39839082514004
STU_019863,80.25918355441809
STU_019864,81.28368543658598
STU_019865,88.01405314851422
STU_019866,90.01408695525822
STU_019867,72.45059858869536
STU_019868,82.50669162052304
STU_019869,78.95229420135206
STU_019870,79.372762557118
STU_019871,93.55925308027213
STU_019872,96.52256841793576
STU_019873,71.49562626804527
STU_019874,54.346456479685
STU_019875,76.99991783498353
STU_019876,98.89388860767929
STU_019877,69.28797539850575
STU_019878,63.06699165702298
STU_019879,90.71115316647297
STU_019880,57.092019864652
STU_019881,71.06416759546642
STU_019882,92.81244054718911
STU_019883,64.83468065472016
STU_019884,70.02939504482174
STU_019885,82.78235460629276
STU_019886,77.14689752790514
STU_019887,99.86952575037253
STU_019888,59.09899095055175
STU_019889,87.05240838548912
STU_019890,75.77855569277335
STU_019891,71.25635379058986
STU_019892,70.06105681942745
STU_019893,91.1795079864396
STU_019894,51.524002762899045
STU_019895,80.66319647794012
STU_019896,82.37590196044266
STU_019897,81.15776513409173
STU_019898,77.20902284596514
STU_019899,81.40967342016393
STU_019900,88.547002891391
STU_019901,67.35217904415708
STU_019902,74.34738477716996
STU_019903,83.53628497517184
STU_019904,66.14310520728895
STU_019905,79.76748828365271
STU_019906,72.4379558044925
STU_019907,48.38824726955545
STU_019908,50.188307250190064
STU_019909,66.55992720041172
STU_019910,87.39424016616294
STU_019911,100.98716091266147
STU_019912,68.53727191698931
STU_019913,76.26697189576657
STU_019914,63.572152596589376
STU_019915,77.42167925831768
STU_019916,66.32571460155441
STU_019917,68.92122198009747
STU_019918,84.08712134329221
STU_019919,75.26369834467414
STU_019920,92.69285363944641
STU_019921,73.63672948221597
STU_019922,91.18985424183313
STU_019923,58.62004984500095
STU_019924,95.70187497190693
STU_019925,87.50654845918666
STU_019926,68.10666767503699
STU_019927,75.79529299223623
STU_019928,74.90946082793403
STU_019929,76.57258869782231
STU_019930,59.743808989785975
STU_019931,95.54808752415977
STU_019932,82.21460677078653
STU_019933,54.50583365616103
STU_019934,83.60400161637813
STU_019935,52.574329584264206
STU_019936,81.30668251040356
STU_019937,81.69878667485409
STU_019938,65.5281095603782
STU_019939,86.08928346232392
STU_019940,82.96782968149478
STU_019941,74.84875967436983
STU_019942,76.08557876729492
STU_019943,83.60521203984308
STU_019944,88.36601418392843
STU_019945,80.9266411342528
STU_019946,84.38442133937338
STU_019947,71.53329505998636
STU_019948,91.75498779472821
STU_019949,83.7534068860391
STU_019950,74.47302144078003
STU_019951,62.57711952922432
STU_019952,55.07223219061575
STU_019953,64.95678601372629
STU_019954,76.56648330148164
STU_019955,61.672156863294504
STU_019956,68.12698651649475
STU_019957,82.35785146305489
STU_019958,79.3366464966009
STU_019959,81.45182291577134
STU_019960,64.4108621515918
STU_019961,69.4639394126782
STU_019962,80.36026932303434
STU_019963,56.431730224376224
STU_019964,71.49980632420124
STU_019965,68.49013958577302
STU_019966,76.8826205609198
STU_019967,91.36174126863989
STU_019968,77.80504655955838
STU_019969,61.94017351356547
STU_019970,89.04494880577636
STU_019971,94.29752043346423
STU_019972,69.50095867965774
STU_019973,82.19113756383786
STU_019974,86.5099898591152
STU_019975,80.13420297565062
STU_019976,79.50240200620351
STU_019977,72.12543150008355
STU_019978,64.56096474752962
STU_019979,59.332137090034166
STU_019980,67.76028162371335
STU_019981,98.94476929198743
STU_019982,76.87797383171664
STU_019983,89.62594165588303
STU_019984,95.3482154189353
STU_019985,80.35528724766368
STU_019986,99.25724040610737
STU_019987,83.05796127876624
STU_019988,70.92927770783695
STU_019989,76.01984191543738
STU_019990,78.17715403298007
STU_019991,90.72136021067229
STU_019992,82.54275707771285
STU_019993,85.4976482969048
STU_019994,58.57576433754457
STU_019995,80.1324137214342
STU_019996,66.2041878366067
STU_019997,72.85212919255923
STU_019998,51.6984080946354
STU_019999,87.02353660509607
STU_020000,77.69896819975793
